Код ЦБ;Краткое наименование ;Дата собрания;Дата фиксации реестра;Ставка, рекомендованная по обыкновенным акциям;Ставка, рекомендованная по привилегированным акциям;Ставка, определенная по обыкновенным акциям;Ставка, определенная по привилегированным акциям;Дивиденды за период;Дата появления события в ленте новостей;Источник;ИНН эмитента
ZVZD;Звезда НПП;28/05/2009;20/04/2009;-;-;-;-;2008;13/05/2009;Интерфакс;5027030107
SUCE;СухоложскЦемент;05/03/2009;02/02/2009;-;-;1573.17;-;2008;16/02/2009;ДКК;6633001919
ZVSL;Завод Сланцы;19/06/2009;15/05/2009;-;-;не выплач.;1,76;2008;29/05/2009;ДКК;4713000931
ZVEZ;Звезда ;20/06/2009;07/05/2009;не выплач.;-;не выплач.;-;2008;13/05/2009;Интерфакс;7811038760
KVDG;Ковдорский ГОК;20/03/2009;09/03/2009;-;-;117,95;-;2008;20/03/2009;Интерфакс;5104002234
ZSES;Запсибэлектросетьстрой;11/06/2009;05/05/2009;1 500;3,07 ;1 500;3,07 ;2008;13/05/2009;Интерфакс;8602060876
NMAZ;Новомосковская АК Азот;20/03/2009;19/03/2009;-;-;6,572.49;-;2008;31/03/2009;Интерфакс;7116000066
ZSES;Сибэлектросетьстрой;17/06/2009;13/05/2009;0,17;-;0,17;-;2008;18/05/2009;Интерфакс;5407126045
NEAZ;Невинномысский Азот;25/03/2009;20/03/2009;40,75;-;40,75;-;2008;20/03/2009;Интерфакс;2631015563
ZMZN;Заволжский моторный завод;21/05/2009;02/04/2009;-;-;не выплач.;не выплач.;2008;07/04/2009;Интерфакс;5248004137
SKBP;Соликамскбумпром;27/03/2009;18/02/2009;не выплач.;не выплач.;не выплач.;не выплач.;2008;16/03/2009;Интерфакс;5919470121
ZENT;Банк ЗЕНИТ;31/03/2009;20/02/2009;-;-;0,03;-;2008;20/02/2009;Интерфакс;7729405872
PKBA;Пивоваренная компания Балтика;02/04/2009;13/02/2009;85,10;85,10;85,10;85,10;2008;17/02/2009;Интерфакс;7830001405
KMAM;КМАэлектромонтаж;02/04/2009;06/03/2009;0.91;0.91;0.91;0.91;2008;15/04/2009;ДКК;3125005391
MKSH;Мебельная компания Шатура;07/04/2009;20/02/2009;не выплач.;не выплач.;не выплач.;не выплач.;2008;19/02/2009;Интерфакс;5049007736
UDNP;Удмуртнефтепродукт;07/04/2009;23/03/2009;-;-;не выплач.;не выплач.;2008;12/03/2009;Интерфакс;1826001345
NGSB;Новгородская энергосбытовая компания;09/04/2009;05/03/2009;не выплач.;не выплач.;не выплач.;не выплач.;2008;06/06/2009;Интерфакс;5321102236
TANL;Тантал;10/04/2009;19/03/2009;не выплач.;0,125;не выплач.;0,125;2008;19/03/2009;Интерфакс;6453011530
NORR;Нормаль;10/04/2009;26/02/2009;-;-;не выплач.;не выплач.;2008;25/02/2009;Интерфакс;5257005345
URRM;Уралредмет ;10/04/2009;02/03/2009;-;-;не выплач.;-;2008;31/03/2009;ДКК;7707083893
SYNG;Синергия;14/04/2009;06/03/2009;-;-;не выплач.;не выплач.;2008;06/03/2009;Интерфакс;7705634425
TGKJ;ТГК-10;15/04/2009;06/03/2009;не выплач.;-;не выплач.;-;2008;10/03/2009;Интерфакс;7203162698
ZILL;Завод имени И.А.Лихачева;19/06/2009;04/05/2009;-;-;не выплач.;-;2008;27/05/2009;ДКК;7725043886
MUTF;Мурманский Траловый Флот;17/04/2009;11/03/2009;не выплач.;не выплач.;не выплач.;не выплач.;2008;24/02/2009;Интерфакс;5100000010
PRIM;Приморское морское пароходство;17/04/2009;02/03/2009;-;-;не выплач.;не выплач.;2008;04/03/2009;ДКК;2508018932
BRAD;Богословское рудоуправление;17/04/2009;02/03/2009;не выплач.;не выплач.;не выплач.;не выплач.;2008;27/02/2009;Интерфакс;6617002344
ZAPK;Запсибкомбанк;17/04/2009;04/03/2009;-;-;0.5;-;2008;12/03/2009;ДКК;7202021856
ZHDY;Железные дороги Якутии;01/06/2009;28/04/2009;-;-;-;-;2008;15/05/2009;ДКК;1435073060
NEKK;НЕКК;20/04/2009;05/03/2009;-;-;не выплач.;-;2008;20/04/2009;Интерфакс;7450058035
BMKK;Белорецкий металлургический комбинат;21/04/2009;16/03/2009;не выплач.;не выплач.;не выплач.;не выплач.;2008;17/03/2009;Интерфакс;256006322
TTLK;Таттелеком;22/04/2009;11/03/2009;0,01011;-;0,01011;-;2008;12/03/2009;Интерфакс;1681000024
PMOT;Пермские моторы;22/04/2009;11/03/2009;не выплач.;не выплач.;не выплач.;не выплач.;2008;16/03/2009;Интерфакс;5904000814
ILSO;Илецксоль ;22/04/2009;17/03/2009;-;-;не выплач.;не выплач.;2008;18/03/2009;Интерфакс;5646000237
MBSP;Международный банк Санкт-Петербурга;23/04/2009;18/03/2009;0,33;-;0,33;-;2008;18/03/2009;Интерфакс;7831000210
KZTS;Кировоградский завод твердых сплавов;23/04/2009;06/03/2009;-;-;не выплач.;-;2008;17/03/2009;ДКК;6616000619
ZAPR;Запорожское;29/06/2009;27/05/2009;-;-;-;-;2008;27/05/2009;Интерфакс;2352028594
YTPS;Южтрубопроводстрой;21/05/2009;06/04/2009;не выплач.;-;-;-;2008;05/05/2009;ДКК;6163009586
YRSL;КБ Ярославич;05/06/2009;17/04/2009;-;-;не выплач.;-;2008;13/04/2009;Интерфакс;7604014087
KAZT;КуйбышевАзот;24/04/2009;10/03/2009;-;-;2;2;2008;03/03/2009;Интерфакс;6320005915
YMNP;Роснефть-Ямалнефтепродукт;22/05/2009;06/04/2009;-;-;не выплач.;0,96;2008;08/04/2009;Интерфакс;8901001325
WTCM;Центр международной торговли;24/04/2009;10/03/2009;-;-;0,1054;0,1054;2008;06/02/2009;Интерфакс;7703034574
VZSK;Воронежсинтезкаучук;05/06/2009;23/04/2009;-;-;-;-;2008;05/05/2009;ДКК;3663002167
VZCP;Воронежская кондитерская фабрика;27/05/2009;13/04/2009;не выплач.;-;не выплач.;-;2008;16/04/2009;Интерфакс;3650000412
TERL;Тернейлес ;25/04/2009;01/04/2009;-;-;не выплач.;-;2008;20/02/2009;Интерфакс;2528000813
VSZD;Волгоградский судостроительный завод;16/05/2009;09/04/2009;-;-;-;-;2008;17/04/2009;Интерфакс;3448006530
VSSZ;Выборгский судостроительный завод;22/05/2009;13/04/2009;17,50;17,50;17,50;17,50;2008;14/04/2009;Интерфакс;4704012874
VSMZ;Выксунский металлургический завод;24/06/2009;14/05/2009;-;-;1 746;-;2008;29/05/2009;ДКК;5247004695
URAV;Уральские авиалинии;28/04/2009;09/03/2009;-;-;100;-;2008;27/02/2009;Интерфакс;6608003013
VRSB;Воронежская энергосбытовая компания;05/06/2009;27/04/2009;0,611745 ;0,611745;0,611745 ;0,611745;2008;22/04/2009;Интерфакс;3663050467
VRAO;РАО Энергетические системы Востока;25/06/2009;07/05/2009;не выплач.;не выплач.;не выплач.;не выплач.;2008;28/04/2009;Интерфакс;2801133630
HANF;Хабаровскнефтепродукт;28/04/2009;10/03/2009;не выплач.;0,1;не выплач.;0,1;2008;01/04/2009;ДКК;2700000105
VOSB;Вологодская сбытовая компания;22/05/2009;16/04/2009;0,050012; -;0,050012; -;2008;16/04/2009;Интерфакс;3525154831
VOPT;Восточный Порт;30/06/2009;25/05/2009;-;-;0.38;4.08;2008;26/05/2009;Интерфакс;2508001544
KARA;Русский Каравай;28/04/2009;01/04/2009;-;-;не выплач.;не выплач.;2008;27/04/2009;ДКК;7708018110
VOOS;Волжский оргсинтез;25/04/2009;18/03/2009;570;-;-;-;2008;09/04/2009;ДКК;3435900563
VONM;Волгограднефтемаш;15/05/2009;09/04/2009;-;-;200;-;2008;10/04/2009;Интерфакс;3446003396
DLVB;Дальневосточный банк;29/04/2009;06/03/2009;9,08;14,70;;;2008;05/03/2009;Интерфакс;2540016961
VOLC;Вольскцемент ;27/05/2009;28/04/2009;1166,21;-;не выплач.;-;2008;05/02/2009;Интерфакс;6441002108
BSSL;Бассоль;29/04/2009;20/03/2009;-;-;не выплач.;-;2008;20/03/2009;Интерфакс;3001001186
STBK;Банк Санкт-петербург;29/04/2009;10/03/2009;0,11;0,11;0,11;0,11;2008;23/03/2009;Интерфакс;7831000027
VNPC;Востокнефтепроводстрой;22/05/2009;16/04/2009;не выплач.;151,976555658 ;не выплач.;151,976555658 ;2008;21/04/2009;Интерфакс;274049022
MAGZ;Комбинат Магнезит;29/04/2009;24/03/2009;не выплач.;не выплач.;не выплач.;не выплач.;2008;07/04/2009;ДКК;7417001747
VNIP;ВНИПИгаздобыча;29/05/2009;09/04/2009;-;-;815,57;815,57;2008;27/05/2009;ДКК;6455010081
KNDO;Кондопога;30/04/2009;11/03/2009;не выплач.;не выплач.;не выплач.;не выплач.;2008;02/03/2009;Интерфакс;1003000650
VLTP;Волтайр-Пром;17/06/2009;12/05/2009;не выплач.;не выплач.;не выплач.;не выплач.;2008;13/05/2009;Интерфакс;3435900531
VLHZ;Владимирский химический завод;21/05/2009;02/04/2009;-;-;не выплач.;-;2008;24/03/2009;Интерфакс;3302000669
VLGZ;Волгоградоблгаз;26/06/2009;16/05/2009;-;-;-;-;2008;04/06/2009;ДКК;3443013847
VLGG;Волгогаз;22/05/2009;13/04/2009;501,70;-;501,70;-;2008;13/04/2009;Интерфакс;5260000210
URSA;УРСА Банк;05/05/2009;30/03/2009;не выплач.;0,08 USD;не выплач.;0,08 USD;2008;31/03/2009;Интерфакс;5408117935
VDSB;Владимирская энеросбытовая компания;15/05/2009;09/04/2009;-;-;0,098761;-;2008;20/04/2009;Интерфакс;3302021309
VDOK;Вышневолоцкий ордена Знак Почета мебельно-деревообрабатывающий комбинат;22/05/2009;22/04/2009;-;-;-;-;2008;05/05/2009;ДКК;6908000292
VATY;Ванадий-Тула;26/06/2009;11/05/2009;не выплач.;не выплач.;не выплач.;не выплач.;2008;12/05/2009;Интерфакс;7105008754
VASO;Воронежское самолетостроительное общество;21/05/2009;03/04/2009;не выплач.;не выплач.;не выплач.;не выплач.;2008;30/03/2009;Интерфакс;3650000959
UZRT;Уральский завод резиновых технических изделий;04/06/2009;27/04/2009;не выплач.;не выплач.;не выплач.;не выплач.;2008;13/04/2009;Интерфакс;6664002550
UUAZ;Улан-Удэнский авиационный завод;18/06/2009;05/05/2009;0.424;-;0.430;-;2008;17/04/2009;Интерфакс;323018510
SARE;Саратовэнерго;12/05/2009;02/04/2009;не выплач.;не выплач.;не выплач.;не выплач.;2008;06/04/2009;Интерфакс;6450014808
USYB;УРАЛСИБ-ЮГ БАНК;18/06/2009;13/05/2009;-;-;2,54 ;2,54 ;2008;04/06/2009;ДКК;2310042974
ARSE;Машиностроительный завод Арсенал;13/05/2009;01/04/2009;-;-;-;-;2008;27/04/2009;ДКК;7804040302
KLNA;Концерн КАЛИНА;14/05/2009;25/03/2009;не выплач.;не выплач.;не выплач.;не выплач.;2008;19/03/2009;Интерфакс;6608000083
GZES;Газэнергосервис;14/05/2009;07/04/2009;44,22;-;44,22;-;2008;09/04/2009;Интерфакс;7709105630
USSB;Уссурийский бальзам;12/05/2009;20/04/2009;не выплач.;не выплач.;не выплач.;не выплач.;2008;31/03/2009;Интерфакс;2511003566
URBM;Уралбурмаш;25/06/2009;25/05/2009;-;-;не выплач.;-;2008;02/06/2009;ДКК;6646000133
PLZL;Полюс Золото;15/05/2009;27/03/2009;не выплач.;-;не выплач.;-;2008;27/03/2009;Интерфакс;7703389295
VGSB;Волгоградэнергосбыт;15/05/2009;08/04/2009;не выплач.;0,006;не выплач.;0,006;2008;14/04/2009;Интерфакс;3445071523
SMNF;НК Роснефть - Смоленскнефтепродукт;15/05/2009;30/03/2009;-;-;70,78;212,33 ;2008;13/03/2009;Интерфакс;6730017336
TASB;Тамбовская энергосбытовая компания;15/05/2009;10/04/2009;0,002821185 ;0,002821185 ;0,002821185;0,002821185;2008;01/04/2009;Интерфакс;5190400250
SBRA;Себряковский комбинат асбестоцементных изделий;15/05/2009;10/04/2009;-;-;54945;-;2008;12/03/2009;Интерфакс;3437000078
URAP;Уралавтоприцеп;25/06/2009;07/05/2009;не выплач.;0,30;не выплач.;0,30;2008;18/05/2009;ДКК;7450003445
URAG;Уральский асбестовый горно-обогатительный комбинат;15/05/2009;31/03/2009;не выплач.;-;не выплач.;-;2008;23/04/2009;ДКК;6603001252
UORS;Уралоргсинтез;20/05/2009;15/04/2009;-;-;не выплач.;-;2008;14/04/2009;Интерфакс;5920014645
UNKL;Южно-Уральский никелевый комбинат;15/05/2009;30/03/2009;не выплач.;-;не выплач.;-;2008;27/03/2009;Интерфакс;5613000143
BENR;Корпоративные сервисные системы;15/05/2009;31/03/2009;не выплач.;57,97426;не выплач.;57,97426;2008;03/04/2009;Интерфакс;3125008321
ULSR;Ульяновскэнергоспецремонт;26/06/2009;26/05/2009;-;-;-;-;2008;10/06/2009;ДКК;7327030937
ULPR;Ульяновское производственное ремонтное предприятие;26/06/2009;26/05/2009;-;-;-;-;2008;10/06/2009;ДКК;7327030944
UKUZ;УК Южный Кузбасс;17/06/2009;30/04/2009;не выплач.;-;не выплач.;-;2008;04/05/2009;Интерфакс;4214000608
UILZ;Усть-Илимский леcопильно-деревообрабатывающий завод;27/06/2009;27/05/2009;не выплач.;-;не выплач.;-;2008;10/06/2009;ДКК;3817012915
UGOK;Учалинский ГОК;17/06/2009;02/05/2009;не выплач.;-;не выплач.;-;2008;30/04/2009;Интерфакс;270007455
UDSB;Удмуртская энергосбытовая компания;24/06/2009;15/05/2009;не выплач.;не выплач.;не выплач.;не выплач.;2008;15/05/2009;Интерфакс;1835062930
UDSB;Удмуртская энергосбытовая компания;24/06/2009;15/05/2009;не выплач.;0,26655767 ;не выплач.;0,26655767 ;1 полуг. 2009;21/05/2009;Интерфакс;1835062930
UALK;УРАЛАЛКО;27/04/2009;01/04/2009;-;-;-;-;2008;10/04/2009;ДКК;5904101820
BNGF;Башнефтегеофизика;15/05/2009;30/03/2009;-;100;-;100;2008;29/04/2009;ДКК;275009544
TYMT;Тулачермет;05/06/2009;20/04/2009;не выплач.;не выплач.;не выплач.;не выплач.;2008;21/04/2009;Интерфакс;7105008031
ARSB;Архангельская сбытовая компания;18/05/2009;14/04/2009;0,00012 ;0,00039 ;0,00012 ;0,00039 ;1 полуг. 2009;14/04/2009;Интерфакс;2901134250
KCHE;Камчатскэнерго;18/05/2009;13/04/2009;не выплач.;не выплач.;не выплач.;не выплач.;2008;03/04/2009;Интерфакс;4100000668
ALNZ;АЛНАС;18/05/2009;13/04/2009;не выплач.;-;не выплач.;-;2008;15/04/2009;Интерфакс;1607000081
TVEO;Тверьоблгаз;29/05/2009;30/04/2009;-;-;50.25;-;2008;08/05/2009;ДКК;6900000364
TUZA;Туймазинский завод автобетоновозов;21/05/2009;20/04/2009;не выплач.;-;не выплач.;-;2008;21/04/2009;Интерфакс;269008334
TUPL;Туполев;09/06/2009;04/05/2009;не выплач.;-;не выплач.;-;2008;08/05/2009;ДКК;7705313252
TUMA;Туламашзавод;29/04/2009;11/03/2009;-;0,064 ;-;0,064 ;2008;26/02/2009;Интерфакс;7106002836
UAZA;Ульяновский Автомобильный Завод;20/05/2009;01/04/2009;не выплач.;не выплач.;не выплач.;не выплач.;2008;25/03/2009;Интерфакс;7300000029
TTRS;Тындатрансстрой;29/05/2009;01/05/2009;-;-;не выплач.;не выплач.;2008;27/05/2009;ДКК;2808001320
TSGI;Тяжстанкогидропресс;19/06/2009;04/05/2009;-;-;-;-;2008;15/04/2009;ДКК;5403101628
TSES;Трест Севэнергострой;18/06/2009;30/04/2009;-;-;не выплач.;-;2008;10/04/2009;Интерфакс;7825333010
TRSS;Транссигналстрой;27/05/2009;09/04/2009;-;-;35;-;2008;13/04/2009;ДКК;770100909
TRGM;Трест Гидромонтаж;07/05/2009;23/03/2009;0,0025;0,0025;0,0025 ;0,0025 ;2008;09/04/2009;ДКК;7734047608
CEGZ;Центрэнергогаз;21/05/2009;29/04/2009;-;-;не выплач.;2 302,76;2008;27/04/2009;Интерфакс;5050002450
MISB;Мариэнергосбыт;21/05/2009;16/04/2009;-; -;не выплач.;0,04;2008;16/04/2009;Интерфакс;1215099739
TATF;Татфондбанк;21/05/2009;27/03/2009;не выплач.;-;не выплач.;-;2008;13/04/2009;ДКК;1653016914
ASSB;Астраханская энергосбытовая компания;21/05/2009;10/04/2009;0,0019419;-;0,0019419; -;2008;14/04/2009;Интерфакс;3017041554
MEFR;Метафракс;21/05/2009;10/04/2009;-;-;не выплач.;-;2008;03/02/2009;Интерфакс;5913001268
KFAR;Красфарма;21/05/2009;02/04/2009;-;-;не выплач.;-;2008;05/05/2009;ДКК;2464010490
TOZZ;Тульский оружейный завод;24/04/2009;09/03/2009;не выплач.;-;не выплач.;-;2008;18/02/2009;Интерфакс;7107003303
TORS;Томская распределительная компания;04/06/2009;23/04/2009;не выплач.;не выплач.;не выплач.;не выплач.;2008;27/04/2009;Интерфакс;7017114672
TOMS;Томские магистральные сети;11/06/2009;30/04/2009;-;-;не выплач.;не выплач.;2008;15/05/2009;ДКК;7017114665
TOBM;Теплообменник;28/04/2009;11/03/2009;1,60;-;1,60;-;2008;27/03/2009;Интерфакс;5258000011
URKU;Уральская кузница;21/05/2009;02/04/2009;не выплач.;-;не выплач.;-;2008;07/04/2009;Интерфакс;7420000133
TNBP;ТНК-ВР Холдинг;30/06/2009;15/05/2009;-;-;2.12;2.12;2008;02/06/2009;ДКК;7225004092
TMSZ;Тихорецкий машиностроительный завод;17/06/2009;27/03/2009;не выплач.;не выплач.;не выплач.;не выплач.;2008;03/02/2009;Интерфакс;2321003173
TMRG;Тюменьмежрайгаз;29/06/2009;28/05/2009;-;-;-;-;2008;15/06/2009;ДКК;7203058440
TMNP;Газпромнефть-Тюмень;29/06/2009;25/05/2009;-;-;-;-;2008;02/06/2009;ДКК;7204003732
MAGN;Магнитогорский металлургический комбинат;22/05/2009;09/04/2009;не выплач.;-;не выплач.;-;2008;13/02/2009;Интерфакс;7414003633
MYNT;НК Роснефть - Мурманскнефтепродукт;22/05/2009;06/04/2009;не выплач.;26,47 ;не выплач.;26,47 ;2008;05/03/2009;Интерфакс;5193102164
DGBZ;Дорогобуж;22/05/2009;03/04/2009;не выплач.;не выплач.;не выплач.;не выплач.;2008;02/04/2009;Интерфакс;6704000505
TLAZ;ТольяттиАзот;21/03/2009;02/02/2009;-;-;не выплач.;-;2008;26/02/2009;ДКК;6320004728
TKFY;Тульская кондитерская фабрика Ясная Поляна;17/06/2009;04/05/2009;-;-;не выплач.;-;2008;13/05/2009;Интерфакс;7104002125
TGMK;Таганский мясоперерабатывающий завод;30/06/2009;01/06/2009;-;-;-;-;2008;18/06/2009;ДКК;7722075495
TGKN;ТГК-14;26/06/2009;12/05/2009;не выплач.;-;не выплач.;-;2008;19/05/2009;Интерфакс;7534018889
TEXL;Технолог;28/04/2009;27/04/2009;-;-;-;-;2008;09/04/2009;ДКК;7711000882
TAVR;Санкт-Петербургский АКБ Таврический;22/05/2009;06/04/2009;-;-;не выплач.;0,30;2008;07/04/2009;Интерфакс;7831000108
TAVI;Таганрогская авиация;26/06/2009;15/05/2009;не выплач.;-;не выплач.;-;2008;10/06/2009;ДКК;6154029811
TANC;Таганрогский авиационный научно-технический комплекс им. Г.М. Бериева;25/06/2009;06/05/2009;-;-;-;-;2008;27/05/2009;ДКК;6154028021
TAMZ;Таганрогский металлургический завод;17/06/2009;06/05/2009;-;-;0,83;-;2008;29/05/2009;ДКК;6154011797
TAKF;Кондитерская фирма ТАКФ;15/05/2009;31/03/2009;не выплач.;-;не выплач.;-;2008;06/04/2009;Интерфакс;6831004950
GSGZ;Гипроспецгаз;22/05/2009;06/04/2009;2000;2000;2000;2000;2008;17/04/2009;Интерфакс;7815023475
SZRT;Саранский завод Резинотехника;20/05/2009;14/04/2009;не выплач.;-;не выплач.;-;2008;05/05/2009;ДКК;1328028538
SZEC;Севзапэлектросетьстрой;26/06/2009;12/05/2009;-;-;1560;-;2008;04/06/2009;ДКК;7815015548
SNOZ;Салаватнефтеоргсинтез;22/05/2009;16/04/2009;1;-;1;-;2008;23/04/2009;Интерфакс;266008329
SLEN;Сахалинэнерго;22/05/2009;17/04/2009;не выплач.;-;не выплач.;-;2008;27/04/2009;ДКК;6500000024
SVTZ;Северский Трубный Завод;19/06/2009;04/05/2009;11,70 ;-;11,70 ;-;2008;30/04/2009;Интерфакс;6626002291
SVTG;Святогор;15/05/2009;30/03/2009;не выплач.;-;не выплач.;-;2008;26/03/2009;Интерфакс;6618000220
SVAV;СОЛЛЕРС;26/06/2009;09/05/2009;не выплач.;-;не выплач.;-;2008;04/05/2009;Интерфакс;3528079131
SUMZ;Среднеуральский медеплавильный завод;19/06/2009;04/05/2009;не выплач.;-;не выплач.;-;2008;03/06/2009;ДКК;6627001318
STVB;Стройвестбанк;25/06/2009;20/05/2009;не выплач.;-;не выплач.;-;2008;22/06/2009;ДКК;3900000792
STRO;Стронег;22/05/2009;20/04/2009;не выплач.;-;не выплач.;-;2008;16/04/2009;Интерфакс;265001659
STKG;Ставрополькрайгаз;29/06/2009;25/05/2009;-;-;5.17;10.31;2008;19/06/2009;ДКК;2635014240
ARPO;Омский аэропорт;24/05/2009;15/04/2009;не выплач.;1,27;не выплач.;1,27;2008;08/05/2009;ДКК;5507028605
YAEN;Якутскэнерго;25/05/2009;13/04/2009;0,006005466 ;0,006005466;0,006005466;0,006005466;2008;14/04/2009;Интерфакс;1435028701
STAM;Станкомаш;28/04/2009;13/03/2009;-;-;-;-;2008;07/04/2009;ДКК;7449013664
UDMN;Удмуртнефть;26/05/2009;10/04/2009;1 358,52;1 358,52;1 358,52;1 358,52;2008;06/03/2009;Интерфакс;1831034040
MNPZ;Московский нефтеперерабатывающий завод;26/05/2009;16/04/2009;8,07;20,43;8,07;20,43;2008;13/04/2009;Интерфакс;7723006328
BGDV;Большой гостиный двор;26/05/2009;06/04/2009;13.8;-;13.8;-;2008;19/03/2009;Интерфакс;7830001892
STAL;Стальмаг;15/06/2009;29/04/2009;не выплач.;-;-;-;2008;15/05/2009;ДКК;2426000941
ALNP;НК Роснефть - Алтайнефтепродукт;26/05/2009;20/04/2009;0,04;0,22 ;0,04;0,22 ;2008;13/04/2009;Интерфакс;2225007351
BRAR;Брянский арсенал;26/05/2009;13/04/2009;не выплач.;не выплач.;не выплач.;не выплач.;2008;13/04/2009;Интерфакс;3201001955
SRPL;Сарапульский электрогенераторный завод;18/06/2009;01/05/2009;-;-;не выплач.;-;2008;06/02/2009;Интерфакс;1827001683
SPTL;Северо-Западный Телеком;22/06/2009;04/05/2009;-;-;0,617 ;1,281;2008;17/04/2009;Интерфакс;7808020593
SPRP;Саратовское ПРП;28/06/2009;26/05/2009;-;-;-;-;2008;09/06/2009;ДКК;6450074772
NVTK;НОВАТЭК;27/05/2009;20/04/2009;1,52;-;1,52;-;2008;07/04/2009;Интерфакс;6316031581
MAGE;Магаданэнерго;27/05/2009;17/04/2009;не выплач.;0,012258341 ;не выплач.;0,012258341 ;2008;13/04/2009;Интерфакс;4909047148
SPBP;Санкт-Петербургский картонно-полиграфический комбинат;05/06/2009;02/04/2009;-;-;не выплач.;49,03 ;2008;31/03/2009;Интерфакс;4719003640
SODD;Сода;19/05/2009;06/04/2009;не выплач.;-;не выплач.;-;2008;17/04/2009;Интерфакс;268015226
SNTZ;Синарский Трубный завод;18/06/2009;04/05/2009;53,62;-;53,62;-;2008;13/05/2009;Интерфакс;6612000551
SMTL;Самотлорнефть;10/06/2009;24/04/2009;не выплач.;-;не выплач.;-;2008;24/04/2009;Интерфакс;8603032215
STSB;Ставропольэнергосбыт;27/05/2009;14/04/2009;не выплач.;0,00041;не выплач.;0,00041;2008;15/04/2009;Интерфакс;2626033550
SMSR;Самараэнергоспецремонт;27/06/2009;26/05/2009;-;-;-;-;2008;09/06/2009;ДКК;6319104887
BRSB;АК БАРС;27/05/2009;21/04/2009;не выплач.;-;не выплач.;-;2008;28/04/2009;ДКК;1653001805
SMPR;Самарское ПРП;27/06/2009;26/05/2009;-;-;-;-;2008;09/06/2009;ДКК;6319104894
PMSB;Пермская энергосбытовая компания;28/05/2009;17/04/2009;3,363856 ;3,363856 ;3,363856;3,363856;2008;20/04/2009;Интерфакс;5904123809
ALCE;Альфа Цемент;28/05/2009;27/04/2009;не выплач.;-;не выплач.;-;2008;06/02/2009;Интерфакс;5903022847
AKRN;Акрон;28/05/2009;10/04/2009;не выплач.;-;не выплач.;-;2008;31/03/2009;Интерфакс;5321029508
SMOG;Смоленскоблгаз;19/06/2009;13/05/2009;-;-;10.79;-;2008;02/06/2009;ДКК;6731011930
UFNC;Уфанефтехим;28/05/2009;20/04/2009;-;-;8,69;8,69;2008;21/04/2009;Интерфакс;277012020
UNPZ;Уфимский нефтеперерабатывающий завод;28/05/2009;20/04/2009;-;-;2,66;2,66;2008;21/04/2009;Интерфакс;277004037
NUNZ;Ново-Уфимский нефтеперерабатывающий завод;28/05/2009;20/04/2009;-;-;2;2;2008;21/04/2009;Интерфакс;277007292
SMLU;Семилукский огнеупорный завод;29/04/2009;10/03/2009;не выплач.;-;не выплач.;-;2008;05/03/2009;Интерфакс;3628001308
SLPT;Северное ЛПТ - лесозавод №3;05/06/2009;30/04/2009;не выплач.;-;не выплач.;-;2008;18/05/2009;ДКК;2900000198
SKZB;СУЭК-Кузбасс;27/04/2009;20/03/2009;0.266058125; -;0.266058125; -;2008;14/04/2009;ДКК;4212024138
BISV;Башинформсвязь;29/05/2009;21/04/2009;-;-;0,0094 ;0,235 ;2008;26/02/2009;Интерфакс;274018377
SKRN;Суэк-Красноярск;29/04/2009;20/03/2009;0.333332723;-;-;-;2008;14/04/2009;Интерфакс;5020002260
GUMM;Торговый Дом ГУМ;29/05/2009;21/04/2009;не выплач.;не выплач.;не выплач.;не выплач.;2008;10/03/2009;Интерфакс;7710035963
SKBT;Специальное конструкторское бюро турбонагнетателей;03/06/2009;20/04/2009;-;-;-;-;2008;05/05/2009;ДКК;5837006021
SILM;Силовые машины - ЗТЛ,ЛМЗ,Электросила, Энергомашэкспорт;26/06/2009;12/05/2009;не выплач.;-;не выплач.;-;2008;03/04/2009;Интерфакс;7702080289
BEGY;Башкирэнерго;29/05/2009;20/04/2009;1,00;4,11;1,00;4,11;2008;21/04/2009;Интерфакс;275000990
UFOS;Уфаоргсинтез;29/05/2009;20/04/2009;-;-;1,77 ;1,77 ;2008;21/04/2009;Интерфакс;277014204
BANP;Башкирнефтепродукт;29/05/2009;20/04/2009;-;-;47,75;47,75;2008;21/04/2009;Интерфакс;274052610
SIEN;Сибирьэнерго;24/06/2009;08/05/2009;-;-;-;0.15489;2008;10/06/2009;ДКК;5407025576
VGOK;Высокогорский горно-обогатительный комбинат;29/05/2009;24/04/2009;-;-;не выплач.;-;2008;24/04/2009;Интерфакс;6623000708
KTRS;Корпорация Трансстрой;29/05/2009;24/04/2009;-;1,94;-;1,94;2008;27/04/2009;Интерфакс;7708022854
SIBE;Сибэнергохолдинг;09/06/2009;29/04/2009;-;-;-;-;2008;20/05/2009;ДКК;7729604412
SHNM;Сахалинморнефтемонтаж;03/06/2009;15/04/2009;-;-;3,50 ;199,97;2008;15/04/2009;Интерфакс;6506000447
SHKM;Шахта Комсомолец;22/06/2009;15/05/2009;не выплач.;не выплач.;не выплач.;не выплач.;2008;28/04/2009;Интерфакс;4212006643
SHAZ;Шадринский автоагрегатный завод;14/05/2009;07/04/2009;не выплач.;1;не выплач.;1;2008;09/04/2009;Интерфакс;4502000019
SGRS;Спецгазремстрой Газпром;29/04/2009;23/03/2009;-;-;11,48;11,48;2008;03/04/2009;ДКК;7720018533
SEVT;Севертрубопроводстрой;23/05/2009;30/04/2009;не выплач.;-;не выплач.;-;2008;16/04/2009;Интерфакс;8903002846
KZIZ;Красногорский завод им.С.А.Зверева;29/05/2009;14/04/2009;-;-;не выплач.;0,74;2008;08/05/2009;ДКК;5024022965
SESR;Саратовэнергоспецремонт;28/06/2009;26/05/2009;-;-;-;-;2008;09/06/2009;ДКК;6450074885
SEMP;Северное морское пароходство;18/06/2009;14/05/2009;-;-;6,6952;8,9147 ;2008;10/06/2009;ДКК;2901008432
SCLP;Соломбальский лесопильно-деревообрабатывающий комбинат;15/05/2009;03/04/2009;-;-;-;-;2008;20/04/2009;Интерфакс;2901010706
RTKM;Ростелеком;30/05/2009;14/04/2009;1,9410 ;2,9124 ;1,9410 ;2,9124 ;2008;14/04/2009;Интерфакс;7707049388
SCEM;Сибирский Цемент ХК;19/06/2009;04/05/2009;не выплач.;-;не выплач.;-;2008;08/05/2009;ДКК;4205070630
TGMA;Трехгорная мануфактура;30/05/2009;15/04/2009;не выплач.;-;не выплач.;-;2008;22/04/2009;Интерфакс;7703043089
SCBK;Соломбальский ЦБК;23/05/2009;10/04/2009;не выплач.;не выплач.;не выплач.;не выплач.;2008;08/05/2009;ДКК;2901008009
TGKH;ТГК-8;02/06/2009;14/04/2009;не выплач.;-;не выплач.;-;2008;15/04/2009;Интерфакс;3015068092
RASP;Распадская;02/06/2009;20/04/2009;не выплач.;-;не выплач.;-;2008;15/04/2009;ДКК;4214002316
SAGZ;Самарагаз;04/06/2009;04/05/2009;-;-;-;-;2008;18/05/2009;ДКК;6315223001
RZSB;Рязанская энергетическая сбытовая компания;25/05/2009;10/04/2009;0,009664627;-;0,009664627;-;2008;13/04/2009;Интерфакс;6229049014
ULEN;Ульяновскэнерго;02/06/2009;27/04/2009;не выплач.;не выплач.;не выплач.;не выплач.;2008;23/04/2009;Интерфакс;7327012462
RZCM;Ревдинский завод по обработке цветных металлов;04/06/2009;30/04/2009;не выплач.;-;не выплач.;-;2008;08/05/2009;ДКК;6627000770
RYAZ;Рязаньнефтепродукт;09/06/2009;22/04/2009;не выплач.;не выплач.;не выплач.;не выплач.;2008;16/04/2009;Интерфакс;6227004160
MOEK;Московская объединенная энергетическая компания;03/06/2009;27/04/2009;-;-;не выплач.;-;2008;07/04/2009;Интерфакс;7720518494
RUSP;Русполимет;24/06/2009;18/05/2009;-;-;-;-;2008;29/05/2009;ДКК;5251008501
TUNP;Туланефтепродукт;03/06/2009;17/04/2009;-;-;не выплач.;не выплач.;;16/04/2009;Интерфакс;7107036789
VARN;Варьеганнефть;03/06/2009;17/04/2009;-;-;не выплач.;не выплач.;2008;20/04/2009;Интерфакс;8609002880
KTYR;Калужский турбинный завод;03/06/2009;15/04/2009; -; -;не выплач.;не выплач.;2008;28/04/2009;Интерфакс;4026007424
RUGR;Русгрэйн Холдинг;19/06/2009;18/05/2009;-;-;9;-;2008;09/06/2009;ДКК;7706533405
NKNC;Нижнекамскнефтехим;03/06/2009;23/04/2009;-;-;0,3098;0,3098;2008;29/04/2009;ДКК;1651000010
RTSB;Энергосбыт Ростовэнерго;20/05/2009;10/04/2009;не выплач.;0,05309390;не выплач.;0,05309390;2008;15/04/2009;Интерфакс;6168002922
RSAM;Русские самоцветы;27/06/2009;12/05/2009;не выплач.;-;не выплач.;-;2008;11/06/2009;ДКК;7806007100
RPSZ;Раменский приборостроительный завод;24/04/2009;06/03/2009;15;-;15;-;2008;06/03/2009;Интерфакс;5040001426
RPKK;Роспечать;02/06/2009;22/04/2009;2 653,46;-;не выплач.;-;2008;14/05/2009;Интерфакс;2308006009
KRGE;Курганэнерго;04/06/2009;16/04/2009;-;-;не выплач.;не выплач.;2008;08/05/2009;ДКК;4501013657
ROSB;РОСБАНК;24/06/2009;19/05/2009;не выплач.;-;не выплач.;-;2008;19/05/2009;Интерфакс;7730060164
SGAT;Спецгазавтотранс Газпром;04/06/2009;16/04/2009;3,4 ;3,4 ;3,4;3,4;2008;24/03/2009;Интерфакс;1834100050
VHIM;Химпром г. Волгоград;04/06/2009;29/04/2009;-;-;не выплач.;-;2008;24/03/2009;Интерфакс;3447006030
URSI;Уралсвязьинформ;04/06/2009;15/04/2009;0,012437;0,034175;0,012437;0,034175;2008;06/04/2009;Интерфакс;5902183094
RKRZ;Ревдинский кирпичный завод;26/05/2009;10/04/2009;-;-;-;-;2008;27/04/2009;ДКК;6627002142
MSSV;Московская теплосетевая компания;04/06/2009;20/04/2009;не выплач.;не выплач.;не выплач.;не выплач.;2008;10/04/2009;Интерфакс;7705654252
MSSV;Московская теплосетевая компания;04/06/2009;20/04/2009;-;-;не выплач.;не выплач.;2007;10/04/2009;Интерфакс;7705654252
RIZH;Разрез Изыхский;03/06/2009;24/04/2009;не выплач.;не выплач.;не выплач.;не выплач.;2008;28/04/2009;Интерфакс;1904000616
KSMV;Завод Красное Сормово;04/06/2009;15/04/2009;-;-;не выплач.;-;2008;17/04/2009;Интерфакс;5263006629
RITM;Ритм Тверское производство тормозной аппаратуры ;03/06/2009;04/05/2009;-;-;-;-;2008;18/05/2009;ДКК;6902006851
RDNE;НК Роснефть - Дагнефть;14/05/2009;29/03/2009;-;-;не выплач.;-;2008;02/04/2009;Интерфакс;541000600
OKBS;ОКБ Сухого;04/06/2009;23/04/2009;722;-;722;-;2008;04/05/2009;Интерфакс;7714016680
ANGG;Аганнефтегазгеология;04/06/2009;29/04/2009;не выплач.;-;не выплач.;-;2008;05/05/2009;ДКК;8620011110
CHMZ;Чусовской металлургический завод;04/06/2009;05/05/2009;-;-;не выплач.;-;2008;06/05/2009;Интерфакс;5921002018
RBER;Русская березка;04/06/2009;20/04/2009;не выплач.;-;не выплач.;-;2008;08/05/2009;ДКК;7728038838
PSPO;Пассажирский порт;30/04/2009;15/03/2009;не выплач.;0,04  ;не выплач.;0,04  ;2008;09/04/2009;Интерфакс;7725009028
PRTZ;Пролетарский завод;19/06/2009;04/05/2009; -; -;не выплач.; -;2008;09/02/2009;Интерфакс;7811039386
NLMK;Новолипецкий металлургический комбинат;05/06/2009;17/04/2009;не выплач.;-;не выплач.;-;2008;20/04/2009;Интерфакс;4823006703
CNTL;Центральный телеграф;05/06/2009;28/04/2009;0,088509 ;0,265527 ;0,088509 ;0,265527 ;2008;30/03/2009;Интерфакс;7710146208
KNFT;Коминефть;05/06/2009;28/04/2009;не выплач.;не выплач.;не выплач.;не выплач.;2008;29/04/2009;Интерфакс;1102000019
PRTA;Чебоксарский завод промышленных тракторов;29/05/2009;14/04/2009;не выплач.;не выплач.;не выплач.;не выплач.;2008;06/05/2009;Интерфакс;2126003074
PRIK;Прикаспийэлектросетьстрой;20/05/2009;01/04/2009;0,03;-;-;-;2008;06/05/2009;Интерфакс;3009000057
PRGK;Прогресс Капитал;11/05/2009;03/04/2009;не выплач.;-;не выплач.;-;2008;28/04/2009;ДКК;4826063675
PRAZ;Завод солода и пива;20/06/2009;05/05/2009;не выплач.;-;не выплач.;-;2008;11/06/2009;ДКК;7830001490
NMTP;Новороссийский морской торговый порт;05/06/2009;20/04/2009;0,0265;-;0,0265 ;-;2008;16/04/2009;Интерфакс;2315004404
RNPR;Ростовнефтепродукт;05/06/2009;17/04/2009;-;-;не выплач.;-;2008;16/04/2009;Интерфакс;6163025436
SARN;Саратовнефтепродукт;05/06/2009;20/04/2009;не выплач.;0,25;не выплач.;0,25;2008;16/04/2009;Интерфакс;6452034165
BLSB;Белгородская сбытовая компания;05/06/2009;17/04/2009;0,5623982;15,2628581;0,5623982;15,2628581;2008;17/04/2009;Интерфакс;3123110760
PPBS;Кочубеевская птицефабрика;16/03/2009;11/02/2009;-;-;-;-;2008;03/03/2009;ДКК;2610001697
RTLM;Ростсельмаш;05/06/2009;20/04/2009;не выплач.;-;не выплач.;-;2008;21/04/2009;Интерфакс;6166010558
PNZ5;Пензенская энергоремонтная компания;20/06/2009;07/05/2009;не выплач.;не выплач.;не выплач.;не выплач.;2008;06/05/2009;Интерфакс;5835059035
ZSGP;Запсибгазпром;05/06/2009;24/04/2009;-;-;не выплач.;-;2008;22/04/2009;Интерфакс;7203001796
KRKN;Саратовский нефтеперерабатывающий завод;05/06/2009;22/04/2009;не выплач.;672,60;не выплач.;672,60;2008;22/04/2009;Интерфакс;6451114900
DRMO;Дормост;05/06/2009;22/04/2009;-;-;не выплач.;-;2008;23/04/2009;Интерфакс;7709042490
MRKV;МРСК Волги;05/06/2009;24/04/2009;не выплач.;-;не выплач.;-;2008;28/04/2009;Интерфакс;6450925977
KYMZ;Каменск-Уральский металлургический завод;05/06/2009;24/04/2009; -; -;не выплач.;не выплач.;2008;28/04/2009;Интерфакс;6665002150
PMN5;Пермэнергоспецремонт;05/06/2009;01/05/2009;не выплач.;не выплач.;не выплач.;не выплач.;2008;08/05/2009;ДКК;5904123943
BIOH;Биохимик;05/06/2009;23/04/2009;не выплач.;-;не выплач.;-;2008;06/05/2009;Интерфакс;1325030352
PIRO;Пирометр;22/05/2009;10/04/2009;не выплач.;-;не выплач.;-;2008;08/05/2009;ДКК;7813045057
PEPT;Первый порт;11/06/2009;30/04/2009;-;-;-;-;2008;05/05/2009;ДКК;2508006951
AZTP;Алексинский завод тяжелой промышленной арматуры;05/06/2009;30/04/2009;не выплач.;-;не выплач.;-;2008;13/05/2009;Интерфакс;7111003049
PDNZ;Первоуральский динасовый завод (ДИНУР);23/04/2009;23/03/2009;не выплач.;-;не выплач.;-;2008;15/04/2009;ДКК;6625004698
PDMS;Подольский машиностроительный завод;21/05/2009;16/04/2009; -; -;0,67; -;2008;28/04/2009;Интерфакс;5036011735
PRIB;Прибой;05/06/2009;30/04/2009;-;-;не выплач.;-;2008;18/05/2009;ДКК;2315012170
PAZA;Павловский автобус;02/06/2009;17/04/2009;не выплач.;-;не выплач.;-;2008;20/04/2009;Интерфакс;5252000350
OSMP;Останкинский мясоперерабатывающий комбинат;05/06/2009;24/04/2009;не выплач.;-;не выплач.;-;2008;13/05/2009;Интерфакс;7715034360
ESMO;ЦентрТелеком;06/06/2009;20/04/2009;0,2457683 ;0,4915455 ;0,2457683 ;0,4915455 ;2008;04/05/2009;Интерфакс;5000000970
RTVL;Роствертол;06/06/2009;21/04/2009;0,05; -;0,05; -;2008;09/02/2009;Интерфакс;6161021690
APSZ;Арзамасский приборостроительный завод;06/06/2009;20/04/2009;400;-;400;-;2008;20/04/2009;Интерфакс;5243001742
ORGZ;Орелоблгаз;23/06/2009;18/05/2009;не выплач.;-;не выплач.;-;2008;18/05/2009;Интерфакс;5700000020
ORGN;Органика;12/05/2009;01/04/2009;-;-;не выплач.;-;2008;10/03/2009;Интерфакс;4221000630
OGKF;ОГК-6;08/06/2009;20/04/2009;не выплач.;-;не выплач.;-;2008;17/04/2009;Интерфакс;6164232756
NNSI;ВолгаТелеком;08/06/2009;20/04/2009;1,800235;3,600753;1,800235;3,600753;2008;07/04/2009;Интерфакс;5260901817
OMSB;Омская энергосбытовая компания;08/06/2009;28/04/2009;не выплач.;0,3879 ;не выплач.;0,3879 ;2008;24/04/2009;Интерфакс;5503091518
PRUG;Приморскуголь;08/06/2009;27/04/2009;-;-;не выплач.;-;2008;27/04/2009;Интерфакс;2540016954
KBGR;Кубанская генерирующая компания;08/06/2009;27/04/2009;-;-;не выплач.;-;2008;29/04/2009;Интерфакс;2312128916
DMOA;Дальмостострой;08/06/2009;04/05/2009;не выплач.; -;не выплач.; -;2008;05/05/2009;Интерфакс;2700000144
DAHF;Дальхимфарм;09/06/2009;20/04/2009;10;-;10;-;2008;30/03/2009;Интерфакс;2702010564
VOUG;Воркутауголь;09/06/2009;21/04/2009;-;-;не выплач.;-;2008;08/04/2009;Интерфакс;1103019252
OMSH;Омскшина;22/05/2009;10/04/2009;не выплач.;-;не выплач.;-;2008;10/04/2009;Интерфакс;5506007419
OMKA;Омский каучук;15/05/2009;10/04/2009;не выплач.;-;не выплач.;-;2008;29/04/2009;ДКК;5501023216
SZRP;Северо-Западное пароходство;09/06/2009;22/04/2009;-;-;0,82 ;-;2008;23/04/2009;Интерфакс;7812023195
NVGZ;Нижневартовскнефть;09/06/2009;24/04/2009;-;-;не выплач.;-;2008;24/04/2009;Интерфакс;8603026148
CHGZ;Черногорнефть;09/06/2009;24/04/2009;-;-;не выплач.;не выплач.;2008;24/04/2009;Интерфакс;8620003528
GZAV;Газавтоматика (Газпром);09/06/2009;30/04/2009;8;8;8;8;2008;28/04/2009;Интерфакс;7704028125
RITK;РИТЭК;09/06/2009;28/04/2009;-;-;не выплач.;-;2008;29/04/2009;Интерфакс;7736036626
ORNB;Оренбургнефть;09/06/2009;30/04/2009;-;-;не выплач.;-;2008;30/04/2009;Интерфакс;5612002469
OKBY;ОКБ Яковлева;23/06/2009;05/05/2009;-;-;-;-;2008;01/06/2009;ДКК;7714039849
OBNE;Обьнефтегазгеология;24/06/2009;10/05/2009;-;-;не выплач.;145,85 ;2008;27/04/2009;Интерфакс;8602016394
BALZ;Балтийский завод;09/06/2009;04/05/2009;-;-;не выплач.;-;2008;15/05/2009;ДКК;7830001910
MGNZ;Соликамский магниевый завод;09/06/2009;22/04/2009;-;-;не выплач.;-;2008;18/05/2009;ДКК;5919470019
OBER;Оренбургэнергоремонт;30/06/2009;25/05/2009;-;-;-;-;2008;15/06/2009;ДКК;5609039765
NZHK;Новосибирский завод химконцентратов;19/06/2009;14/05/2009;не выплач.;2;не выплач.;2;2008;18/05/2009;Интерфакс;5410114184
ESPK;Дальсвязь (Дальневосточная компания электросвязи);10/06/2009;24/04/2009;2,7238;5,4772;2,7238;5,4772;2008;17/04/2009;Интерфакс;2540014227
HYDR;РусГидро;10/06/2009;30/04/2009;не выплач.;-;не выплач.;-;2008;30/04/2009;Интерфакс;2460066195
RNCU;НК Роснефть - Курганнефтепродукт;10/06/2009;25/04/2009;-;-;0,88 ;2,66 ;2008;17/03/2009;Интерфакс;4500000013
NZGZ;Нижневартовскнефтегаз;10/06/2009;24/04/2009;не выплач.;не выплач.;не выплач.;не выплач.;2008;24/04/2009;Интерфакс;8603028882
OGKE;ОГК-5;10/06/2009;22/04/2009;не выплач.;-;не выплач.;-;2008;01/04/2009;Интерфакс;6671156423
VORG;Шахта Воргашорская;10/06/2009;22/04/2009;-;-;не выплач.;-;2008;09/04/2009;Интерфакс;1103020025
ATLM;Аэропорт Толмачево;10/06/2009;27/04/2009;-;-;не выплач.;8,26;2008;20/04/2009;Интерфакс;5448100208
SIND;Синтез (Дзержинск);10/06/2009;22/04/2009;не выплач.;-;не выплач.;-;2008;23/04/2009;Интерфакс;5249003520
NZDS;Монди Сыктывкарский ЛПК;15/05/2009;24/04/2009;не выплач.;3;не выплач.;3;2008;06/04/2009;Интерфакс;1121003135
NYTV;НЫТВА;19/06/2009;30/04/2009;не выплач.;-;не выплач.;-;2008;01/06/2009;ДКК;5942400228
NTCZ;Новотроицкий цементный завод;19/06/2009;11/05/2009;не выплач.;-;не выплач.;-;2008;05/05/2009;Интерфакс;5607004870
VIMP;Вымпел-коммуникации;10/06/2009;05/05/2009;не выплач.;0.001;не выплач.;0.001;2008;05/02/2009;Интерфакс;7713076301
KTSB;Костромская сбытовая компания;10/06/2009;24/04/2009;не выплач.;0,00173575;не выплач.;0,00173575;2008;24/04/2009;Интерфакс;4401050567
ORFE;Орскнефтеоргсинтез;10/06/2009;27/04/2009;-;-;не выплач.;не выплач.;2008;28/04/2009;Интерфакс;5615002700
SNFG;Саратовнефтегаз;10/06/2009;28/04/2009;-;-;не выплач.;не выплач.;2008;28/04/2009;Интерфакс;6450011500
NRLE;Новорослесэкспорт;04/06/2009;20/04/2009;не выплач.;-;не выплач.;-;2008;23/03/2009;Интерфакс;2315014794
KOMZ;Ковровский механический завод;10/06/2009;30/04/2009;-;-;не выплач.;-;2008;04/05/2009;Интерфакс;3305004397
ORNE;Оренбургнефтепродукт;10/06/2009;10/05/2009;не выплач.;84,83;не выплач.;84,83;2008;04/05/2009;Интерфакс;5610004301
MRKZ;МРСК Северо-Запада;10/06/2009;05/05/2009;не выплач.;-;не выплач.;-;2008;04/05/2009;Интерфакс;7802312751
OENG;Оргэнергогаз (Газпром);10/06/2009;24/04/2009;-;-;1,60;-;2008;06/05/2009;Интерфакс;5003000696
NPEL;Новопавловский элеватор;18/06/2009;20/05/2009;-;-;-;-;2008;03/06/2009;ДКК;2609005023
NNOG;Нижегородоблгаз;10/06/2009;24/04/2009;не выплач.;-;не выплач.;-;2008;08/05/2009;ДКК;5200000102
RTGG;Ростовгоргаз;10/06/2009;06/05/2009;261,26 ;-;261,26 ;-;2008;13/05/2009;Интерфакс;6152000158
RTBG;Ростовоблгаз;10/06/2009;07/05/2009;-;-;135,41 ;135,41 ;2008;18/05/2009;ДКК;6163000368
NOMP;Новороссийское морское пароходство;19/05/2009;10/04/2009;-;-;2,05;2,05;2008;24/02/2009;Интерфакс;2315012204
YRGL;Ургалуголь;11/06/2009;27/04/2009;-;-;не выплач.;-;2008;24/04/2009;Интерфакс;2710001186
LSNG;Ленэнерго;11/06/2009;27/04/2009;не выплач.;1,6508;не выплач.;1,6508;2008;28/04/2009;Интерфакс;7803002209
MRKС;МРСК Центра;11/06/2009;04/05/2009;не выплач.;-;не выплач.;-;2008;04/05/2009;Интерфакс;6901067107
MSRS;Московская объединенная электросетевая компания;11/06/2009;30/04/2009;не выплач.;-;не выплач.;-;2008;05/05/2009;Интерфакс;5036065113
NNSB;Нижегородская сбытовая компания;22/05/2009;14/04/2009;96930535.000000;96930535.000000;96930535.000000;96930535.000000;2008;15/04/2009;Интерфакс;5260148520
TGKD;ТГК-4;11/06/2009;05/05/2009;-;-;не выплач.;0,00002341682 ;2008;06/05/2009;Интерфакс;6829012680
NMCE;Новосибирский мясоконсервный комбинат;14/06/2009;20/04/2009;-;-;не выплач.;-;2008;07/04/2009;Интерфакс;5402100043
NKSH;Нижнекамскшина;19/06/2009;05/05/2009;-;-;не выплач.;не выплач.;2008;06/05/2009;Интерфакс;1651000027
NKEL;РАО Норильский никель;26/06/2009;21/05/2009;не выплач.;не выплач.;не выплач.;не выплач.;2008;25/05/2009;Интерфакс;2457009983
NFAZ;Нефтекамский автозавод;15/05/2009;02/04/2009;-;-;не выплач.;-;2008;30/03/2009;Интерфакс;264004103
CHMF;Северсталь ;15/06/2009;27/04/2009;не выплач.;-;не выплач.;-;2008;10/03/2009;Интерфакс;3528000597
APAT;Апатит ;15/06/2009;27/04/2009;-;-;не выплач.;380 (неполный размер);2008;20/04/2009;Интерфакс;5103070023
KOSB;Колэнергосбыт;15/06/2009;08/05/2009;не выплач.;не выплач.;не выплач.;не выплач.;2008;28/04/2009;Интерфакс;5105041148
UDGL;Удмуртгеология;15/06/2009;29/04/2009;-;-;не выплач.;-;2008;30/04/2009;Интерфакс;1835011614
NEFZ;Нефтемаслозавод;10/06/2009;04/05/2009;-;-;не выплач.;не выплач.;2008;04/05/2009;Интерфакс;5609008608
NBAM;Находкинская база активного морского рыболовства;22/05/2009;02/04/2009;-;-;235;-;2008;10/04/2009;Интерфакс;2508007948
NASO;НАЗ Сокол;29/05/2009;10/04/2009;-;-;не выплач.;не выплач.;2008;06/04/2009;Интерфакс;5259008341
VLOG;Владимироблгаз;15/06/2009;15/05/2009;20,32;-;20,32;-;2008;14/05/2009;Интерфакс;3328101380
MUGS;Мурманская ТЭЦ;23/06/2009;13/05/2009;не выплач.;не выплач.;не выплач.;не выплач.;2008;08/05/2009;ДКК;5190141373
MTST;Моторостроитель;23/04/2009;18/03/2009;-;-;не выплач.;0.1;2008;31/03/2009;ДКК;6319033379
BROG;Брянскоблгаз;16/06/2009;13/05/2009;-;-;35,36;-;2008;12/05/2009;Интерфакс;3234007455
SARG;Саратовнефтегеофизика;16/06/2009;28/04/2009;8;10;8;10;2008;28/04/2009;Интерфакс;6452014507
VSNK;Восточно-Сибирская нефтегазовая компания;16/06/2009;01/05/2009;-;-;не выплач.;-;2008;12/03/2009;Интерфакс;7710007910
MSTS;Мостострой-11;26/05/2009;10/04/2009;-;-;3230;-;2008;08/05/2009;ДКК;8617001665
AVDZ;Автодизель ;16/06/2009;28/04/2009;не выплач.;не выплач.;не выплач.;не выплач.;2008;28/04/2009;Интерфакс;7601000640
AKPH;Акрихин;16/06/2009;01/05/2009;не выплач.;-;не выплач.;-;2008;06/05/2009;Интерфакс;5031013320
UKGS;Южно-Кузбасская ГРЭС;16/06/2009;08/05/2009;не выплач.;-;не выплач.;-;2008;13/05/2009;Интерфакс;4222010511
MSN5;Спец. ПКБ по ремонту и реконструкции;30/06/2009;18/05/2009;-;-;-;-;2008;04/06/2009;ДКК;7705654164;
MSN13;Мосэнергосетьстрой;30/06/2009;18/05/2009;-;-;не выплач.;-;2008;04/06/2009;ДКК;7705654189;
MSN11;Мостеплосетьэнергоремонт;04/06/2009;27/04/2009;не выплач.;-;не выплач.;-;2008;10/04/2009;Интерфакс;7705654245;
OROG;Оренбургоблгаз;16/06/2009;13/05/2009;-;-;59,66;-;2008;15/05/2009;Интерфакс;5610010369;
TGKA;ТГК-1;17/06/2009;29/04/2009;не выплач.;-;не выплач.;-;2008;10/03/2009;Интерфакс;7841312071;
DAGI;Дагсвязьинформ;17/06/2009;29/04/2009;0,00201 ;0,01207;0,00201 ;0,01207;2008;07/04/2009;Интерфакс;500000016;
OGKD;ОГК-4 ;17/06/2009;29/04/2009;не выплач.;-;не выплач.;-;2008;07/04/2009;Интерфакс;8602067092;
TUTM;Тутаевский моторный завод;17/06/2009;30/04/2009;не выплач.;-;не выплач.;-;2008;27/04/2009;Интерфакс;7611000399;
BUSB;Бурятэнергосбыт;17/06/2009;27/04/2009;-;-;не выплач.;-;2008;28/04/2009;Интерфакс;323125110;
MSCP;Мурманский морской торговый порт;29/05/2009;29/04/2009;-;-;857,94;573,95;2008;08/05/2009;ДКК;5190400349;
MRTS;Межбанковский расчетный Центр;22/05/2009;22/04/2009;-;-;-;-;2008;05/05/2009;ДКК;2536016341;
MRSB;Мордовская энергосбытовая компания;04/06/2009;20/04/2009;не выплач.;;не выплач.;-;2008;21/04/2009;Интерфакс;1326192645;
MRKU;МРСК Юга;19/06/2009;08/05/2009;не выплач.;-;не выплач.;-;2008;12/05/2009;Интерфакс;6164266561;
MRKC;МРСК Центра и Приволжья;19/06/2009;08/05/2009;не выплач.;-;не выплач.;-;2008;08/05/2009;Интерфакс;5260200603;
YASH;Ярославский шинный завод;17/06/2009;12/05/2009;не выплач.;-;не выплач.;-;2008;15/05/2009;ДКК;7601001509;
MPLD;Мальцовский портландцемент;24/06/2009;22/05/2009;не выплач.;не выплач.;не выплач.;не выплач.;2008;25/05/2009;Интерфакс;3202001147;
MOTZ;Мотовилихинские заводы;20/06/2009;05/05/2009;не выплач.;-;не выплач.;-;2008;27/04/2009;Интерфакс;5906009273
YMGF;Ямалгеофизика;17/06/2009;27/05/2009;не выплач.;0,006;не выплач.;не выплач.;2008;29/05/2009;Интерфакс;8902002995
MORI;МОРИОН;05/06/2009;24/04/2009;-;-;-;-;2008;08/05/2009;ДКК;5905000038
MOIB;Московский индустриальный банк;21/05/2009;02/04/2009;не выплач.;не выплач.;не выплач.;не выплач.;2008;07/04/2009;Интерфакс;7725039953
SLNE;Славнефть-Ярославнефтепродукт;18/06/2009;04/05/2009;не выплач.;0,006;не выплач.;0,6 ;2008;07/04/2009;Интерфакс;7601000520
MKRO;Микрон ;18/06/2009;04/05/2009;-;-;не выплач.;-;2008;13/05/2009;Интерфакс;7735007358
MGTS;Москвовская ГТС;26/06/2009;08/05/2009;-;-;2.02;20.16;2008;13/05/2009;Интерфакс;7710016640
MGNN;НПО Магнетон;20/05/2009;08/04/2009;-;-;не выплач.;-;2008;09/04/2009;Интерфакс;3328100019
MGGD;Мосгоргидрострой;22/05/2009;10/04/2009;-;-;не выплач.;12.28;2008;18/05/2009;ДКК;7718085211
MFGS;Славнефть-Мегионнефтегаз;26/06/2009;15/05/2009;-;-;не выплач.;2.81;2008;17/04/2009;Интерфакс;8605003932
METZ;Металлургический завод им.А.К.Серова;16/04/2009;01/03/2009;не выплач.;не выплач.;не выплач.;не выплач.;2008;17/03/2009;ДКК;6632004667
MBRR;Московский банк реконструкции и развития;26/06/2009;20/05/2009;не выплач.;-;не выплач.;-;2008;20/05/2009;Интерфакс;7702045051
MANO;Манометр;18/05/2009;22/04/2009;не выплач.;-;не выплач.;-;2008;29/04/2009;ДКК;7709100512
LPSB;Липецкая энергосбытовая компания;24/06/2009;06/05/2009;не выплач.;-;не выплач.;-;2008;08/05/2009;Интерфакс;4822001244
IRGZ;Иркутскэнерго;19/06/2009;04/05/2009;не выплач.;-;не выплач.;-;2008;04/05/2009;Интерфакс;3800000220
LJAZ;Лужский абразивный завод;22/05/2009;24/04/2009;-;-;-;-;2008;05/05/2009;ДКК;4710003532
WBDF;Вимм-Билль-Данн Продукты Питания;19/06/2009;08/05/2009;-;-;не выплач.;-;2008;12/05/2009;ДКК;7709342399
PRMG;Газпром промгаз;19/06/2009;25/05/2009;6,64;6,64;6,64;6,64;2008;27/04/2009;Интерфакс;7734034550
LIPO;Липецкоблгаз;26/06/2009;21/05/2009;-;-;5.7;-;2008;08/05/2009;ДКК;4824003938
LIPC;Липецкцемент;23/06/2009;22/05/2009;не выплач.;не выплач.;не выплач.;не выплач.;2008;25/05/2009;Интерфакс;4825002609
LEPS;Электромашиностроительный завод ЛЕПСЕ;05/06/2009;17/04/2009;-;-;1;1;2008;18/02/2009;Интерфакс;4345000930
IROG;Иркутскоблгаз;19/06/2009;18/05/2009;-;-;36,81;-;2008;09/06/2009;ДКК;3800000750
KZOS;Казаньоргсинтез;19/06/2009;04/05/2009;-;-;не выплач.;не выплач.;2008;23/03/2009;Интерфакс;1658008723
KLOG;Калугаоблгаз;19/06/2009;13/05/2009;не выплач.;-;не выплач.;-;2008;19/05/2009;Интерфакс;4000000015
KOOG;Костромаоблгаз;19/06/2009;14/05/2009;51,67;-;51,67;-;2008;19/05/2009;Интерфакс;4400000193
METP;Метрострой;19/06/2009;06/05/2009;30;37;30;37;2008;24/03/2009;Интерфакс;7813046910
MRKK;МРСК Северного Кавказа;19/06/2009;08/05/2009;не выплач.;-;не выплач.;-;2008;03/06/2009;ДКК;2632082033
MRKU;МРСК Урала;19/06/2009;12/05/2009;не выплач.;-;не выплач.;-;2008;13/05/2009;Интерфакс;6671163413
LEGS;Ленгазспецстрой;26/05/2009;15/04/2009;-;-;2485.5;-;2008;10/04/2009;Интерфакс;7806027191
LCRP;Радиоприбор;05/06/2009;20/04/2009;-;-;не выплач.;-;2008;15/05/2009;ДКК;2537015534
KZSB;Кузбасская энергетическая сбытовая компания;15/06/2009;08/05/2009;не выплач.;-;не выплач.;-;2008;12/05/2009;Интерфакс;4205109214
ROSN;НК Роснефть;19/06/2009;30/04/2009;1,92;-;1,92;-;2008;11/03/2009;Интерфакс;7706107510
NVOG;Новгородоблгаз;19/06/2009;15/05/2009;-;-;94,18;-;2008;18/05/2009;Интерфакс;5321039753
KZRU;Кузбассразрезуголь;09/06/2009;06/05/2009;не выплач.;-;-;-;2008;27/05/2009;ДКК;4205049090
KZOM;Кировский завод по обработке цветных металлов;28/05/2009;12/04/2009;не выплач.;-;не выплач.;-;2008;08/04/2009;Интерфакс;4347000477
KZHB;КЗХ Бирюса;29/05/2009;13/04/2009;не выплач.;не выплач.;не выплач.;не выплач.;2008;04/03/2009;Интерфакс;2451000695
KZFF;Ключевский завод ферросплавов;30/04/2009;24/03/2009;-;-;не выплач.;-;2008;24/03/2009;Интерфакс;6652002273
AAKP;Прогресс им.Сазыкина;19/06/2009;14/05/2009;-;-;не выплач.;-;2008;15/05/2009;Интерфакс;2501002394
KUSB;Курская энергосбытовая компания;09/06/2009;24/04/2009;-;-;не выплач.;не выплач.;2008;14/04/2009;Интерфакс;4632049456
KUB4;Кубанские магистральные сети;11/06/2009;30/04/2009;-;-;-;-;2008;18/05/2009;ДКК;2312130841
KSIN;Синтез (Курган);19/06/2009;05/05/2009;1;1;1;1;2008;27/05/2009;ДКК;4501023743
KRVA;Красный Восток Агро;24/04/2009;06/04/2009;-; -; -; -;2008;14/04/2009;ДКК;1659052612
JNOS;Славнефть-Ярославнефтеоргсинтез;19/06/2009;05/05/2009;-; -;не выплач.;не выплач.;2008;14/04/2009;Интерфакс;7601001107
KRSG;Красноярская ГЭС;16/06/2009;28/04/2009;не выплач.;-;не выплач.;-;2008;16/04/2009;Интерфакс;2446000322
KROG;Кировоблгаз;23/06/2009;14/05/2009;-;-;29;-;2008;29/05/2009;ДКК;4346006589
TVSB;Тверская энергосбытовая компания;19/06/2009;04/05/2009;не выплач.;не выплач.;не выплач.;не выплач.;2008;13/05/2009;Интерфакс;6901068345
KRCL;Кирскабель;30/06/2009;25/05/2009;-;-;не выплач.;не выплач.;2008;18/06/2009;ДКК;4305071483
KPMO;Казанское моторостроительное производственное объединение;23/06/2009;06/05/2009;-;-;6,57 ;-;2008;04/06/2009;ДКК;1657005416
KOSM;Гостиничный комплекс КОСМОС;26/06/2009;08/05/2009;-;-;0,1773;0,7403;2008;04/06/2009;ДКК;7717016198
CHKZ;Челябинский кузнечно-прессовый завод;19/06/2009;05/05/2009;не выплач.; -;не выплач.; -;2008;28/04/2009;Интерфакс;7449006184
KMZA;Курганмашзавод;26/06/2009;11/05/2009;-;-;не выплач.;0,02;2008;27/05/2009;ДКК;4501008142
YRSB;Ярославская сбытовая компания;19/06/2009;08/05/2009;0,761801;0,761801;0,761801;0,761801;2008;13/05/2009;Интерфакс;7606052264
VAZZ;Волжский абразивный завод;19/06/2009;18/05/2009;-;-;95,73;95,73;2008;15/05/2009;Интерфакс;3435000467
KLSB;Калужская сбытовая компания;27/05/2009;09/04/2009;-;-;не выплач.;не выплач.;2008;10/04/2009;Интерфакс;4029030252
KLMZ;Коломенский завод;24/06/2009;14/05/2009;-;-;-;-;2008;29/05/2009;ДКК;5022013517
AFLT;Аэрофлот-российские авиалинии;20/06/2009;05/05/2009;0,1818 ;-;0,1818 ;-;2008;21/04/2009;Интерфакс;7712040126
KLMZ;Коломенский завод;31/07/2009;14/05/2009;не выплач.;не выплач.;не выплач.;не выплач.;2008;;другое;5022013517
KIRT;Шинный комплекс Амтел–Поволжье;30/06/2009;11/05/2009;-;-;не выплач.;-;2008;16/04/2009;Интерфакс;4348001498
KHLB;Курчатовский хлебокомбинат;03/06/2009;30/04/2009;-;-;-;-;2008;15/05/2009;ДКК;4634000470
KHGF;Хантымансийскгеофизика;16/06/2009;18/05/2009;-;-;не выплач.;-;2008;29/05/2009;ДКК;8601001356
ENCO;Сибирьтелеком;20/06/2009;05/05/2009;0,026313;0,052939;0,026313;0,052939;2008;17/04/2009;Интерфакс;5407127828
TGKF;ТГК-6;22/06/2009;15/05/2009;не выплач.;-;не выплач.;-;2008;15/05/2009;Интерфакс;5257072937
SIBN;Газпром нефть;22/06/2009;15/05/2009;-;-;5,4;-;2008;15/05/2009;Интерфакс;5504036333
KGOK;КГОК Ванадий;26/06/2009;21/05/2009;не выплач.;-;не выплач.;-;2008;22/05/2009;Интерфакс;6615001962
KFER;Кузнецкие ферросплавы;02/06/2009;20/04/2009;не выплач.;не выплач.;не выплач.;не выплач.;2008;16/04/2009;Интерфакс;4216001565
KEMZ;Ковровский электромеханический завод;22/05/2009;06/04/2009;не выплач.;3,10;не выплач.;3,10;2008;20/04/2009;Интерфакс;3305004421
OGKC;ОГК-3;22/06/2009;15/05/2009;не выплач.;-;не выплач.;-;2008;15/05/2009;Интерфакс;326023099
SAGO;Самараэнерго;22/06/2009;18/05/2009;-;-;не выплач.;0,007;2008;18/05/2009;Интерфакс;6315222985
KCIK;КировИскож;21/05/2009;25/04/2009;-;-;не выплач.;-;2008;05/05/2009;ДКК;4348003456
KRGZ;Курскгаз;22/06/2009;13/05/2009;-;-;не выплач.;-;2008;02/06/2009;ДКК;4629015425
LEKZ;Экспериментально-консервный завод Лебедянский;23/06/2009;;не выплач.;-;не выплач.;-;2008;23/04/2009;Интерфакс;4811000739
KABE;Каббалкэнерго;17/06/2009;06/05/2009;-;-;-;-;2008;27/05/2009;ДКК;711008455
IZVS;Известия ;16/06/2009;15/05/2009;-;-;не выплач.;-;2008;27/05/2009;ДКК;7710045545
IRKT;НПК Иркут;22/06/2009;03/05/2009;-;-;-;-;2008;27/05/2009;ДКК;3807002509
TGKG;Волжская территориальная генерирующая компания;23/06/2009;15/05/2009;-;-;0,002505343 ;-;2008;15/05/2009;Интерфакс;6315376946
INKA;Пермское агрегатное объединение Инкар;28/05/2009;09/04/2009;-;-;не выплач.;-;2008;05/05/2009;ДКК;5904000500
INGS;Ингосстрах;29/05/2009;21/04/2009;-;-;0.052;-;2008;30/04/2009;Интерфакс;7705042179
KZBE;Кузбассэнерго;23/06/2009;14/05/2009;-;-;не выплач.;-;2008;15/04/2009;Интерфакс;4200000333
INGC;Инжиниринговый центр;25/06/2009;19/05/2009;-;-;не выплач.;не выплач.;2008;04/06/2009;ДКК;5404262628
NFTM;Нефтемаш;23/06/2009;02/06/2009;не выплач.;10;не выплач.;10;2008;02/06/2009;Интерфакс;7204002810
INCR;Инженерный центр;29/06/2009;01/06/2009;-;-;-;-;2008;09/06/2009;ДКК;5611030632
SMSB;Смоленскэнергосбыт;23/06/2009;12/05/2009;не выплач.;не выплач.;не выплач.;не выплач.;2008;22/04/2009;Интерфакс;6731048633
TRKR;ТрансКонтейнер;23/06/2009;11/05/2009;19,29 ;-;19,29 ;-;2008;29/04/2009;Интерфакс;7708591995
CHI3;Читинская энергосбытовая компания;23/06/2009;05/05/2009;не выплач.;0,0003206862;не выплач.;0,0003206862;2008;04/05/2009;Интерфакс;7536066430
ILIM;Группа Илим;16/06/2009;06/05/2009;-;-;-;-;2008;27/05/2009;ДКК;7840346335
IKAR;Икар;20/06/2009;06/05/2009;-;-;не выплач.;10;2008;18/05/2009;ДКК;4501000168
IZHZ;Ижорские заводы;24/06/2009;06/05/2009;-;-;не выплач.;-;2008;27/04/2009;Интерфакс;7817005295
KISB;Кировэнергосбыт;24/06/2009;15/05/2009;не выплач.;0,000276681 ;не выплач.;0,000276681 ;2008;15/05/2009;Интерфакс;4345103477
IGST;Ижсталь;22/05/2009;10/04/2009;не выплач.;не выплач.;не выплач.;не выплач.;2008;10/04/2009;Интерфакс;1826000655
IGMA;Ижевский машзавод;28/04/2009;23/03/2009;не выплач.;0,00048;не выплач.;0,00048;2008;23/03/2009;Интерфакс;1826001070
KOE3;Коми энергосбытовая компания;24/06/2009;15/05/2009;не выплач.;не выплач.;не выплач.;не выплач.;2008;18/05/2009;Интерфакс;1101301856
IGEN;Интергенерация;30/06/2009;27/05/2009;-;-;-;-;2008;10/06/2009;ДКК;7729604405
ICNM;Марбиофарм;26/06/2009;05/05/2009;не выплач.;-;не выплач.;-;2008;05/06/2009;ДКК;1215001662
MSTT;Мостотрест;24/06/2009;20/05/2009;323;-;323;-;2008;26/05/2009;Интерфакс;7701045732
KUNP;НК Роснефть - Кубаньнефтепродукт;24/06/2009;09/05/2009;не выплач.;44,06 ;не выплач.;44,06 ;2008;06/03/2009;Интерфакс;2309003018
HNPZ;Хабаровский нефтеперерабатывающий завод;29/04/2009;02/04/2009;-;-;не выплач.;1,0;2008;13/03/2009;Интерфакс;2722010040
HLVZ;Ликеро-водочный завод Хабаровский;29/06/2009;28/05/2009;-;-;-;-;2008;10/06/2009;ДКК;2700000560
GZCE;Горнозаводскцемент;17/04/2009;25/02/2009;350;-;-;-;2008;18/03/2009;ДКК;5934010150
SVSB;Свердловэнергосбыт;24/06/2009;15/05/2009;0,03385938;0,03385938;0,03385938;0,03385938;2008;18/05/2009;Интерфакс;6670082105
GZAS;Горьковский завод аппаратуры связи им. А. С. Попова;29/05/2009;24/04/2009;не выплач.;-;не выплач.;-;2008;05/05/2009;ДКК;5257008145
TGKK;ТГК-11;24/06/2009;19/05/2009;не выплач.;-;не выплач.;-;2008;25/05/2009;Интерфакс;5406323202
GURT;Гурт;26/06/2009;01/06/2009;-;-;-;-;2008;15/06/2009;ДКК;4524005290
MTSS;Мобильные ТелеСистемы;25/06/2009;08/05/2009;20,15; -;20,15; -;2008;16/04/2009;Интерфакс;7740000076
LKOH;ЛУКОЙЛ;25/06/2009;08/05/2009;50;-;50;-;2008;23/04/2009;Интерфакс;7708004767
TGKM;Енисейская ТГК (ТГК-13);25/06/2009;14/05/2009;-;-;не выплач.;-;2008;15/05/2009;Интерфакс;1901067718
AVSI;Авиакомпания Сибирь;25/06/2009;20/05/2009;-;-;не выплач.;-;2008;06/05/2009;Интерфакс;5448100656
AVAZ;АВТОВАЗ;25/06/2009;08/05/2009;-;-;не выплач.;-;2008;13/04/2009;Интерфакс;6320002223
TRNS;АК Трансаэро;25/06/2009;11/05/2009;-;-;5;-;2008;29/04/2009;Интерфакс;5701000985
MMBM;Банк Москвы;25/06/2009;14/05/2009;-;-;не выплач.;-;2008;05/05/2009;ДКК;7702000406
BLNG;Белон;25/06/2009;07/05/2009;1,332;-;1,332;-;2008;05/05/2009;Интерфакс;5410102823
GSRB;Газ-Сервис;19/06/2009;27/04/2009;-;-;50,75;-;2008;24/04/2009;Интерфакс;278030985
GPGF;Газпромгеофизика;30/06/2009;02/06/2009;-;-;-;-;2008;10/06/2009;ДКК;7711000723
GNYR;Газпромнефть-Ярославль;18/06/2009;14/05/2009;-;-;-;-;2008;29/05/2009;ДКК;7604140860
IRAO;ИНТЕР РАО ЕЭС;25/06/2009;19/05/2009;не выплач.;-;не выплач.;-;2008;20/05/2009;Интерфакс;2320109650
IKBL;Иркутсккабель;25/06/2009;20/05/2009;-;-;не выплач.;-;2008;21/05/2009;Интерфакс;3821000937
KHEL;Казанский вертолетный завод;25/06/2009;07/05/2009;не выплач.;1;не выплач.;1;2008;22/04/2009;Интерфакс;1656002652
GNIT;Гранит;25/06/2009;07/04/2009;-;-;не выплач.;-;2008;10/04/2009;Интерфакс;7709608867
LOMO;ЛОМО;25/06/2009;08/05/2009;не выплач.;не выплач.;не выплач.;не выплач.;2008;27/05/2009;ДКК;7804002321
MVID;М.видео;25/06/2009;12/05/2009;не выплач.;-;не выплач.;-;2008;06/05/2009;Интерфакс;7707602010
MGNT;Магнит (Краснодар);25/06/2009;08/05/2009;1,46;-;1,46;-;2008;29/04/2009;Интерфакс;2309085638
MGNT;Магнит (Краснодар);25/06/2009;08/05/2009;4,76;-;4,76;-;1 кварт. 2009;29/04/2009;Интерфакс;2309085638
MASZ;Машиностроительный завод Электросталь;25/06/2009;20/05/2009;-;-;не выплач.;-;2008;26/05/2009;Интерфакс;5053005918
NRGP;Норильскгазпром;25/06/2009;15/05/2009;-;-;не выплач.;-;2008;10/06/2009;ДКК;2457002628
OGKB;ОГК-2;25/06/2009;07/05/2009;не выплач.;-;не выплач.;-;2008;15/05/2009;Интерфакс;2607018122
OMOG;Омскоблгаз;25/06/2009;07/05/2009;3,22;3,22;3,22;3,22;2008;08/05/2009;Интерфакс;5503002042
PTRM;ПрофТехРесурс М;25/06/2009;04/06/2009;не выплач.;-;не выплач.;-;2009;04/06/2009;Интерфакс;7722563340
GMST;Главмосстрой ХК;19/06/2009;19/05/2009;не выплач.;-;не выплач.;-;2008;18/06/2009;ДКК;7710013494
SLME;Славнефть-Мегионнефтегазгеология;25/06/2009;08/05/2009;не выплач.;2,76 ;не выплач.;2,76 ;2008;16/04/2009;Интерфакс;8605005954
GMSH;Гидромаш;30/05/2009;16/04/2009;-;-;не выплач.;-;2008;15/04/2009;ДКК;5262008630
GMEF;Горячеключевская мебельная фабрика;29/05/2009;27/04/2009;-;-;-;-;2008;08/05/2009;ДКК;2305000707
GIKX;Гиагинский комбинат хлебопродуктов;30/06/2009;25/05/2009;-;-;-;-;2008;29/05/2009;ДКК;101000825
FING;ФИНГО;25/06/2009;14/05/2009;-;-;не выплач.;не выплач.;2008;29/05/2009;ДКК;7609001719
GGOK;Гайский ГОК;26/06/2009;11/05/2009;-;-;не выплач.;-;2008;07/05/2009;Интерфакс;5604000700
GAZB;ГАЗБАНК;29/06/2009;05/06/2009;-;-;-;-;2008;09/06/2009;ДКК;6314006156
FESH;Дальневосточное морское пароходство;19/06/2009;30/04/2009;не выплач.;-;не выплач.;-;2008;31/03/2009;Интерфакс;2540047110
PNTZ;Первоуральский новотрубный завод;25/06/2009;23/06/2009;не выплач.;-;не выплач.;-;2008;24/06/2009;Интерфакс;6625004271
KRSB;Красноярскэнергосбыт;26/06/2009;13/05/2009;0,4805207266 ;0,6721603386 ;0,4805207266 ;0,6721603386 ;2008;15/04/2009;Интерфакс;2466132221
VZRZ;Банк Возрождение;26/06/2009;08/05/2009;0,5;2;0,5;2;2008;24/04/2009;Интерфакс;5000001042
UFMO;Уфимское моторостроительное производственное объединение;26/06/2009;19/05/2009;-;-;не выплач.;-;2008;15/06/2009;ДКК;273008320
AMMO;Аммофос;26/06/2009;21/05/2009;-;-;2,20;-;2008;04/06/2009;ДКК;3528009430
ARNE;Арнест;26/06/2009;26/05/2009;-;-;не выплач.;не выплач.;2008;10/06/2009;ДКК;2631006752
ARSB;Архангельская сбытовая компания;26/06/2009;20/05/2009;0,0012 ;0,0413;0,0012 ;0,0413;2008;20/05/2009;Интерфакс;2901134250
AMEZ;Ашинский металлургический завод;26/06/2009;07/05/2009;-;-;не выплач.;-;2008;13/05/2009;Интерфакс;7401000473
KOLC;Аэропорт-Кольцово;04/08/2009;21/05/2009;6,60;13,20;6,60;13,20;2008;01/07/2009;Интерфакс;6608000446
FAST;Фармстандарт-Томскхимфарм;19/06/2009;13/05/2009;-;-;не выплач.;-;2008;13/05/2009;Интерфакс;7019005904
KOMM;Бумажная фабрика Коммунар;26/06/2009;25/05/2009;54,18;-;54,18;-;2008;22/05/2009;Интерфакс;4719002357
EZCM;Екатеринбургский завод по обработке цветных металлов;25/06/2009;20/05/2009;не выплач.;-;не выплач.;-;2008;22/06/2009;ДКК;
ESPM;Энергоспецмонтаж;26/06/2009;15/05/2009;-;-;не выплач.;-;2008;08/05/2009;ДКК;7718083574
ERPA;Енисейское речное пароходство;15/06/2009;08/05/2009;-;-;не выплач.;208,52 ;2008;08/05/2009;Интерфакс;2451000582
KMAZ;КамАЗ;26/06/2009;15/05/2009;-;-;не выплач.;-;;06/03/2009;Интерфакс;1650032058
ELVP;Электровыпрямитель;24/04/2009;06/03/2009;0,017;0,017;0,017;0,017;2008;27/03/2009;Интерфакс;1325013893
KIRZ;Кировский завод;26/06/2009;08/05/2009;-;-;не выплач.;-;2008;14/04/2009;Интерфакс;7805019279
KMTX;Комитекс;26/06/2009;12/05/2009;0,23;-;0,23;-;2008;27/04/2009;Интерфакс;1101300281
KUOS;Куйбышевнефтеоргсинтез;26/06/2009;25/05/2009;-;-;не выплач.;0,50;2008;10/06/2009;ДКК;6330000465
ELTZ;Электроцинк;10/06/2009;25/04/2009;-;-;не выплач.;-;2008;06/05/2009;Интерфакс;1500000113
LNZL;Лензолото;26/06/2009;21/05/2009;не выплач.;28;не выплач.;29;2008;22/05/2009;Интерфакс;3802000096
ELSL;Электросигнал;24/06/2009;14/05/2009;не выплач.;-;-;-;2008;04/06/2009;ДКК;3650001159
ELIB;Элсиб;25/06/2009;12/05/2009;не выплач.;-;не выплач.;-;2008;13/05/2009;Интерфакс;5403102702
ELGZ;Электрогаз Газпром;12/05/2009;02/04/2009;7;35;7;35;2008;03/04/2009;Интерфакс;2310013155
ELAX;Элакс;19/06/2009;11/05/2009;-;-;не выплач.;-;2008;29/05/2009;ДКК;7735002166
MRKS;МРСК Сибири;26/06/2009;14/05/2009;0,001592 ;-;0,001592 ;-;2008;18/05/2009;Интерфакс;2460069527
MUSH;Мурманское морское пароходство;26/06/2009;20/05/2009;-;-;не выплач.;-;2008;01/04/2009;Интерфакс;5190400250
NVNG;Новосибирскэнерго;26/06/2009;08/05/2009;1,60;5,82;1,60;5,82;2008;05/05/2009;Интерфакс;5411100018
SATR;НПО Сатурн;26/06/2009;15/05/2009;-;-;не выплач.;-;2008;18/05/2009;ДКК;7610052644
OGKA;ОГК-1;26/06/2009;08/05/2009;не выплач.;-;не выплач.;-;2008;05/05/2009;Интерфакс;7203158282
EGOZ;Шахта Егозовская;22/06/2009;15/05/2009;не выплач.;не выплач.;не выплач.;не выплач.;2008;28/04/2009;Интерфакс;4212018367
SGAZ;Саратовгаз;26/06/2009;27/05/2009;141,03;-;141,03;-;2008;28/05/2009;Интерфакс;6451114530
SROG;Саратовоблгаз;26/06/2009;27/05/2009;не выплач.;-;не выплач.;-;2008;27/05/2009;Интерфакс;6454002828
SBER;Сбербанк России;26/06/2009;08/05/2009;0,48;0,63 ;0,48;0,63 ;2008;15/04/2009;Интерфакс;7707083893
DVEC;Дальневосточная энергетическая компания;22/05/2009;08/04/2009;0,006229654;-;-;-;2008;08/04/2009;Интерфакс;2723088770
SNGF;Сибнефтегеофизика;26/06/2009;28/05/2009;-;-;21,6;64,9;2008;11/06/2009;ДКК;5406010136
DOZA;Дмитровский опытный завод алюминиевой и комбинированной ленты;19/06/2009;06/05/2009;-;-;-;-;2008;02/06/2009;ДКК;5007004028
SILV;Сильвинит;26/06/2009;08/05/2009;50;680;50;680;2008;28/04/2009;Интерфакс;5919470097
DORS;Дорисс;30/04/2009;25/03/2009;-;-;не выплач.;-;2008;24/03/2009;Интерфакс;2127008364
DNPP;Долгопрудненское НПП;27/05/2009;21/04/2009;-;-;не выплач.;-;2008;29/04/2009;ДКК;5008000322
DASB;Дагестанская энергосбытовая компания;15/06/2009;04/05/2009;-;-;не выплач.;-;2008;07/05/2009;Интерфакс;541031172
TATN;Татнефть;26/06/2009;11/05/2009;4,42;4,42;4,42;4,42;2008;03/02/2009;Интерфакс;1644003838
COMZ;Копейский машиностроительный завод;25/06/2009;30/04/2009;-;-;11,15;-;2008;15/04/2009;Интерфакс;7411005872
TMAS;Тяжмаш;26/06/2009;18/05/2009;не выплач.;-;не выплач.;-;2008;13/05/2009;Интерфакс;6325000660
COFG;Центральная обогатительная фабрика Гуковская;26/06/2009;29/05/2009;-;-;-;-;2008;09/06/2009;ДКК;6144003719
CHMK;Челябинский металлургический комбинат;27/05/2009;10/04/2009;не выплач.;-;не выплач.;-;2008;08/04/2009;Интерфакс;7450001007
YLGC;Уралэлектротяжмаш-Уралгидромаш;26/06/2009;13/05/2009;-;-;не выплач.;не выплач.;2008;28/05/2009;ДКК;6652001400
UFAL;Уфалейникель;26/06/2009;08/05/2009;не выплач.;-;не выплач.;-;2008;04/05/2009;Интерфакс;7402001769
HIMC;Химпром г. Новочебоксарск;26/06/2009;08/05/2009;не выплач.;1,46;не выплач.;1,47;2008;19/03/2009;Интерфакс;2124009521
CHLB;Челиндбанк;26/05/2009;14/04/2009;-;-;0,6;0,15;2008;20/04/2009;Интерфакс;7453002182
CLSB;Челябэнергосбыт;26/06/2009;08/05/2009;0,004354 ;0,004354;0,004354;0,004354;2008;28/05/2009;Интерфакс;7451213318
CHEA;Череповецкий Азот;26/06/2009;21/05/2009;33,52 ;175,82 ;33,52 ;175,82 ;2008;25/05/2009;Интерфакс;3528006729
BORG;Эй Джи Си БСЗ;26/06/2009;21/05/2009;не выплач.;-;не выплач.;-;2008;08/05/2009;ДКК;5246002261
CHKB;Чувашкабель;20/03/2009;19/02/2009;-;-;-;-;2008;17/03/2009;ДКК;2127009135
KUBN;Южная телекоммуникационная компания;26/06/2009;07/05/2009; -; -;0,028223;0,0573;2008;17/04/2009;Интерфакс;2308025192
YAKG;Якутгазпром;26/06/2009;21/05/2009;-;-;-;-;2008;18/05/2009;Интерфакс;1435032049
CHEP;Челябинский трубопрокатный завод;09/06/2009;04/05/2009;не выплач.;-;не выплач.;-;2008;05/05/2009;Интерфакс;7449006730
CHAZ;Чебоксарский агрегатный завод;29/05/2009;14/04/2009;19;-;не выплач.;-;2008;31/03/2009;Интерфакс;2126001687
MGOK;Михайловский ГОК;26/06/2009;21/05/2009;-;-;не выплач.;-;2008;19/06/2009;ДКК;4633001577
SNGS;Сургутнефтегаз;27/06/2009;15/05/2009;0,6;1,326 ;0,6;1,326 ;2008;27/04/2009;Интерфакс;8602060555
AVKR;Автокран;27/06/2009;11/05/2009;не выплач.;не выплач.;не выплач.;не выплач.;2008;09/04/2009;Интерфакс;3731024644
AFKS;АФК Система;27/06/2009;15/05/2009;не выплач.;-;не выплач.;-;2008;23/04/2009;Интерфакс;7703104630
RKKE;РКК Энергия;27/06/2009;12/05/2009;-;-;не выплач.;-;2008;05/05/2009;Интерфакс;5018033937
TUOG;Тулаоблгаз;27/06/2009;26/05/2009;18,97 ;-;18,97 ;-;2008;27/05/2009;Интерфакс;7107029245
PBSB;Петербургская сбытовая компания;27/06/2009;20/05/2009;-;-;не выплач.;0,406 465 491;2008;29/05/2009;ДКК;7841322249
UMSH;Уральский завод тяжелого машиностроения;27/06/2009;21/05/2009;-;-;не выплач.;не выплач.;2008;04/06/2009;ДКК;6663005798
KAMC;Камкабель;27/06/2009;22/05/2009;-;-;не выплач.;-;2008;04/06/2009;ДКК;5907001693
AKIL;Авиационный комплекс С.В.Ильюшина;27/06/2009;16/05/2009;225,14 ;-;225,14 ;-;2008;04/06/2009;ДКК;7714027882
CEMT;Е4-Центрэнергомонтаж;15/06/2009;07/05/2009;-;-;не выплач.;-;2008;05/05/2009;ДКК;7710111808
CEHL;Центрэнергохолдинг;19/06/2009;08/05/2009;-;-;-;-;2008;15/05/2009;ДКК;7729604395
CCBK;Сокольский ЦБК;23/06/2009;18/05/2009;-;-;не выплач.;-;2008;19/06/2009;ДКК;3527000989
BZEO;Бугульминский электронасосный завод;26/06/2009;21/05/2009;-;-;не выплач.;2,75;2008;03/06/2009;ДКК;1645000011
BTST;Бамтоннельстрой;30/06/2009;26/05/2009;-;-;288.12;2175.5;2008;11/06/2009;ДКК;317000144
BTSM;Барнаултрансмаш;23/06/2009;06/05/2009;не выплач.;не выплач.;не выплач.;не выплач.;2008;06/05/2009;Интерфакс;2202000222
GAZP;Газпром;29/06/2009;08/05/2009;0,36;-;0,36;-;2008;05/02/2009;Интерфакс;7736050003
SLAV;НГК Славнефть;29/06/2009;15/05/2009;-;-;не выплач.;-;2008;20/04/2009;Интерфакс;7707017509
HALS;Система-Галс;29/06/2009;12/05/2009;-;-;не выплач.;-;2008;24/04/2009;Интерфакс;7706032060
TMAT;Авиакомпания ЮТэйр;29/06/2009;11/05/2009;0,04;-;0,04;-;2008;04/05/2009;Интерфакс;7204002873
MRKH;МРСК Холдинг ;29/06/2009;12/05/2009;не выплач.;-;не выплач.;-;2008;04/05/2009;Интерфакс;7728662669
ABVM;Абаканвагонмаш;29/06/2009;12/05/2009;не выплач.;-;не выплач.;-;2008;05/05/2009;Интерфакс;1901004997
SPDZ;Самарский подшипниковый завод;29/06/2009;13/05/2009;-;-;не выплач.;не выплач.;2008;12/05/2009;Интерфакс;6318100431
VTBR;Банк ВТБ ;29/06/2009;13/05/2009;0,000447 ;-;0.000447;-;2008;14/05/2009;Интерфакс;7702070139
SESC;Свердловская энергосервисная компания;29/06/2009;15/05/2009;-;-;не выплач.;не выплач.;2008;15/05/2009;Интерфакс;6672184920
PIKK;Группа Компаний ПИК;29/06/2009;15/05/2009;не выплач.;-;не выплач.;-;2008;15/05/2009;Интерфакс;7713011336
USBN;БАНК УРАЛСИБ;29/06/2009;24/05/2009;не выплач.;-;не выплач.;-;2008;18/05/2009;Интерфакс;274062111
BRZL;Бурятзолото;29/06/2009;15/05/2009;не выплач.;не выплач.;не выплач.;не выплач.;2008;18/05/2009;Интерфакс;323027345
VRPH;Верофарм;29/06/2009;18/05/2009;не выплач.;-;не выплач.;-;2008;19/05/2009;Интерфакс;7725081786
KUBE;Кубаньэнерго;29/06/2009;20/05/2009;не выплач.;-;не выплач.;-;2008;20/05/2009;Интерфакс;2309001660
PZSB;Пензенская энергосбытовая компания;29/06/2009;19/05/2009;не выплач.;-;не выплач.;0,02093;2008;20/05/2009;Интерфакс;5835059003
PMTL;Полиметалл;29/06/2009;21/05/2009;не выплач.;-;не выплач.;-;2008;21/05/2009;Интерфакс;7805104870
ARMD;Армада;29/06/2009;21/05/2009;не выплач.;-;не выплач.;-;2008;21/05/2009;Интерфакс;7702568982
GAZA;Газ;29/06/2009;22/05/2009;не выплач.;не выплач.;не выплач.;не выплач.;2008;21/05/2009;Интерфакс;5200000046
TCBN;ТрансКредитБанк;29/06/2009;20/05/2009;0.1;-;0.1;400;2008;26/05/2009;Интерфакс;7722080343
BSTD;Белгородстройдеталь;12/05/2009;10/04/2009;-;-;-;-;2008;08/05/2009;ДКК;3124013505
LSRG;Группа ЛСР;29/06/2009;05/06/2009;не выплач.;-;не выплач.;-;2008;28/05/2009;Интерфакс;7838360491
BRMO;Брянский молочный комбинат;19/05/2009;14/04/2009; -; -;не выплач.;0,50;2008;28/04/2009;Интерфакс;3232000207
BETF;Бетфор;29/06/2009;15/05/2009;не выплач.;-;не выплач.;-;2008;05/05/2009;Интерфакс;6660076494
PGHO;Приаргунское ПГХО;29/06/2009;19/05/2009;-;-;не выплач.;не выплач.;2008;08/05/2009;ДКК;7530000048
BMSK;Башкирский медно-серный комбинат;06/06/2009;29/04/2009;-;-;-;-;2008;06/05/2009;Интерфакс;267005602
KGAZ;Комигаз;29/06/2009;01/06/2009;-;-;4,22;4,22;2008;09/06/2009;ДКК;1101300468
BLAS;Белгородасбестоцемент;15/05/2009;15/04/2009;170;-;-;-;2008;16/04/2009;Интерфакс;3123004089
BELNP;Белозернефть;10/06/2009;24/04/2009;-;-;не выплач.;-;2008;24/04/2009;Интерфакс;8603002852
AZKM;Кемеровское ОАО Азот;04/05/2009;18/03/2009;-;-;-;-;2008;19/03/2009;Интерфакс;4205000908
AZFP;Азовский завод кузнечно-прессовых автоматов;26/06/2009;26/05/2009;-;-;-;-;2008;16/06/2009;ДКК;6140000019
PTRL;РУСИА Петролеум;29/06/2009;12/05/2009;-;-;не выплач.;-;2008;19/06/2009;ДКК;3807001632
MSIN;Мостостройиндустрия;29/06/2009;25/05/2009;-;-;70;-;2008;19/06/2009;ДКК;7708000794
ARSA;Арсагера;17/06/2009;30/04/2009;-;-;не выплач.;не выплач.;2008;05/05/2009;ДКК;7840303927
BLGZ;Белоярскгаз;29/06/2009;01/06/2009;-;-;-;-;2008;25/06/2009;ДКК;
TZUM;ЦУМ;30/06/2009;14/05/2009;-;-;не выплач.;-;2008;29/05/2009;ДКК;7707073366
MSNG;Мосэнерго;30/06/2009;12/05/2009;не выплач.;-;не выплач.;-;2008;13/05/2009;Интерфакс;7705035012
ARNC;Компания Арнест;30/06/2009;10/06/2009;-;-;-;-;2008;10/06/2009;ДКК;2631026460
TLSB;Тульская сбытовая компания;30/06/2009;15/04/2009;-;-;не выплач.;-;2008;17/04/2009;Интерфакс;7101006428
OMZZ;Объединенные машиностроительные заводы (Группа Уралмаш-Ижора);30/06/2009;12/05/2009;-;-;не выплач.;0,012;2008;21/04/2009;Интерфакс;6663059899
GMKN;Норильский Никель;30/06/2009;26/05/2009;не выплач.;-;не выплач.;-;2008;27/04/2009;Интерфакс;8401005730
TOSB;Томская энергосбытовая ;30/06/2009;12/05/2009;не выплач.;0,0230;не выплач.;0,0230;2008;08/05/2009;Интерфакс;7017114680
KBSB;Кубанская энергосбытовая компания;30/06/2009;11/05/2009;не выплач.;-;не выплач.;-;2008;08/05/2009;Интерфакс;2308119595
KOGK;Коршуновский ГОК;30/06/2009;12/05/2009;не выплач.;-;не выплач.;не выплач.;2008;12/05/2009;Интерфакс;3834002314
SCON;Седьмой Континент;30/06/2009;12/05/2009;не выплач.;-;не выплач.;-;2008;13/05/2009;Интерфакс;7705005628
RTMC;РТМ;30/06/2009;15/05/2009;-;-;не выплач.;-;2008;13/05/2009;Интерфакс;7721562954
GCHE;Группа Черкизово;30/06/2009;13/05/2009;не выплач.;-;не выплач.;-;2008;13/05/2009;Интерфакс;7718560636
ROST;РОСИНТЕР РЕСТОРАНТС ХОЛДИНГ;30/06/2009;14/05/2009;-;-;не выплач.;-;2008;14/05/2009;Интерфакс;7722514880
PHST;Фармстандарт;30/06/2009;13/05/2009;-;-;не выплач.;-;2008;14/05/2009;Интерфакс;274110679
TGKB;ТГК-2;30/06/2009;13/05/2009;-;-;не выплач.;не выплач.;2008;15/05/2009;Интерфакс;7606053324
TGKE;ТГК-5;30/06/2009;15/05/2009;-;-;не выплач.;-;2008;15/05/2009;Интерфакс;2128701733
TGKI;ТГК-9;30/06/2009;15/05/2009;не выплач.;-;не выплач.;-;2008;15/05/2009;Интерфакс;5904119383
FEES;ФСК ЕЭС;30/06/2009;15/05/2009;не выплач.;-;не выплач.;-;2008;18/05/2009;Интерфакс;4716016979
BGES;Богучанская ГЭС;30/06/2009;15/05/2009;-;-;не выплач.;не выплач.;2008;18/05/2009;Интерфакс;2420002597
GRAZ;Группа РАЗГУЛЯЙ;30/06/2009;18/05/2009;-;-;не выплач.;-;2008;18/05/2009;Интерфакс;7721235763
DIXY;ДИКСИ Групп;30/06/2009;18/05/2009;-;-;не выплач.;-;2008;19/05/2009;Интерфакс;7704249540
APTK;Аптечная сеть 36,6;30/06/2009;18/05/2009;не выплач.;-;не выплач.;-;2008;19/05/2009;Интерфакс;7722266450
ORSB;Орловская сбытовая компания;30/06/2009;18/05/2009;не выплач.;0,011348;не выплач.;0,011348;2008;19/05/2009;Интерфакс;5751028841
MSSB;Мосэнергосбыт;30/06/2009;18/05/2009;не выплач.;-;не выплач.;-;2008;19/05/2009;Интерфакс;7736520080
BNSB;Брянская сбытовая компания;30/06/2009;19/05/2009;не выплач.;0,33504 ;не выплач.;0,33504 ;2008;20/05/2009;Интерфакс;3250056153
MTLR;Мечел;30/06/2009;04/06/2009;5,53;50,55 ;5,53;50,55 ;2008;21/05/2009;Интерфакс;7703370008
BANE;Башнефть;30/06/2009;22/05/2009;14.64;14.64;14.64;14.64;2008;25/05/2009;Интерфакс;274051582
TMKS;Трубная металлургическая компания;30/06/2009;21/05/2009;1.44;-;-;-;2008;25/05/2009;Интерфакс;7710373095
OPIN;Открытые инвестиции;30/06/2009;26/05/2009;не выплач.;-;не выплач.;-;2008;25/05/2009;Интерфакс;7702336269
VBUM;Волгабурмаш;30/06/2009;21/05/2009;-;-;не выплач.;-;2008;25/05/2009;Интерфакс;6314007329
KROT;Красный Октябрь;30/06/2009;25/05/2009;-;-;-;1,58;2008;26/05/2009;Интерфакс;7706043263
KRKO;Красный котельщик;30/06/2009;22/05/2009;не выплач.;0,5315;не выплач.;0,5315;2008;26/05/2009;Интерфакс;6154023009
NTMK;Нижнетагильский металлургический комбинат;30/06/2009;25/05/2009;не выплач.;-;не выплач.;-;2008;26/05/2009;Интерфакс;6623000680
CHZN;Челябинский цинковый завод;30/06/2009;25/05/2009;не выплач.;-;не выплач.;-;2008;26/05/2009;Интерфакс;7448000013
ANGE;Анжерский машиностроительный завод;27/03/2009;08/02/2009;-;-;-;-;2008;25/02/2009;ДКК;4201000625
ZSMK;Западно-Сибирский металлургический комбинат;30/06/2009;25/05/2009;не выплач.;не выплач.;не выплач.;не выплач.;2008;26/05/2009;Интерфакс;4218000951
AZOP;Азот (Пермский край);30/06/2009;26/05/2009;не выплач.;не выплач.;не выплач.;не выплач.;2008;27/05/2009;Интерфакс;5911029525
VOGZ;Воронежоблгаз;30/06/2009;;0,27 ;-;0,27 ;-;2008;27/05/2009;Интерфакс;3664000885
PMN7;Пермэнергоремонт;30/06/2009;15/05/2009;-;-;не выплач.;не выплач.;2007;27/05/2009;ДКК;5904123950
VSMO;Корпорация ВСМПО-АВИСМА;30/06/2009;25/05/2009;23,14;-;23,14;-;2008;27/05/2009;Интерфакс;6607000556
URKA;Уралкалий;30/06/2009;25/05/2009;не выплач.;-;не выплач.;-;2008;25/05/2009;Интерфакс;5911029807
NOKN;Новосибирский оловянный комбинат;30/06/2009;18/05/2009;-;-;не выплач.;-;2008;28/05/2009;ДКК;5403101667
TGHK;ТГК-11 Холдинг;30/06/2009;26/05/2009;-;-;-;-;2008;29/05/2009;ДКК;7729604902
AMUR;Амурский судостроительный завод;19/06/2009;30/04/2009;-;-;не выплач.;-;2008;22/04/2009;Интерфакс;2703000015
AMRG;Азовмежрайгаз;18/06/2009;12/05/2009;-;-;-;-;2008;28/05/2009;ДКК;6140013610
CMST;КОМСТАР - Объединенные ТелеСистемы;30/06/2009;22/05/2009;-;-;0,22;-;2008;03/06/2009;ДКК;7740000069
KUNM;Компания ЮНИМИЛК;30/06/2009;26/05/2009;-;-;не выплач.;-;2008;03/06/2009;ДКК;7714626332
ALVZ;Архангельский ликеро-водочный завод;29/06/2009;29/05/2009;-;-;-;-;2008;22/06/2009;ДКК;2900000293
SITR;СИТРОНИКС;30/06/2009;12/05/2009;-;-;не выплач.;-;2008;04/06/2009;ДКК;7735116621
ALVG;Алтайское вагоностроение ;02/06/2009;30/04/2009;-;-;не выплач.;-;2008;13/05/2009;Интерфакс;2208000010
HMTZ;Химико-металлургический завод;30/06/2009;25/05/2009;-;-;не выплач.;-;2008;09/06/2009;ДКК;2464003340
ORER;Оренбургэнергостройремонт;30/06/2009;08/06/2009;-;-;не выплач.;-;2008;10/06/2009;ДКК;5611025544
ALRS;АЛРОСА;20/06/2009;18/05/2009;-;-;не выплач.;-;2008;29/05/2009;ДКК;1433000147
ALIK;Авиационные линии Кубани;28/05/2009;30/04/2009;-;-;-;-;2008;30/04/2009;Интерфакс;2312023342
ALBM;Альбумин;23/06/2009;13/05/2009;0,0071;;0,0071 ;;2008;04/06/2009;ДКК;5401103690
TRAV;Траверс;30/06/2009;10/06/2009;не выплач.;-;не выплач.;-;2008;15/06/2009;Интерфакс;7713520742
TVAG;Тверской вагоностроительный завод;30/06/2009;26/05/2009;-;-;не выплач.;-;2008;15/06/2009;Интерфакс;6902008908
AKHA;ПАВА;19/06/2009;23/04/2009;-;-;не выплач.;-;2008;15/05/2009;ДКК;2259004165
PFMH;Птицефабрика Михайловская;30/06/2009;01/06/2009;-;-;не выплач.;не выплач.;2008;15/06/2009;ДКК;6434009920
AKGS;Алтайкрайгазсервис;03/06/2009;21/04/2009;-;-;не выплач.;-;2008;08/05/2009;ДКК;2221024324
AISH;Шиферник;05/06/2009;30/04/2009;-;-;не выплач.;-;2008;27/05/2009;ДКК;2315058287
VLGM;Волгомост;30/06/2009;01/06/2009;-;-;не выплач.;не выплач.;2008;18/06/2009;ДКК;6450010433
MNTP;ТРАСТ Национаьный банк;30/06/2009;25/05/2009;-;-;не выплач.;-;2008;18/06/2009;ДКК;7831001567
MZHK;Московский жировой комбинат;30/06/2009;02/06/2009;-;-;не выплач.;-;2008;24/06/2009;ДКК;7748011029
IVSB;Ивановская энергосбытовая компания;26/06/2009;19/05/2009;-;-;не выплач.;0,004358 ;2008;20/05/2009;Интерфакс;3702065117
TRNF;Транснефть;30/06/2009;28/05/2009;не выплач.;236, 78;не выплач.;236, 78;2008;15/06/2009;Интерфакс;7706061801
TOGZ;Тамбовоблгаз;25/06/2009;25/05/2009;-;-;15,5;-;2008;28/05/2009;Интерфакс;6832003117
SIBC;Сибирская инвестиционная компания;30/06/2009;25/05/2009;-;-;не выплач.;-;2008;10/07/2009;Интерфакс;1902017075
NTRI;Нутринвестхолдинг;26/06/2009;26/05/2009;-;-;не выплач.;-;2008;19/12/2008;Интерфакс;5017036692
FZTR;Корпорация Фазотрон-НИИР;07/07/2009;22/05/2009;-;-;не выплач.;-;2008;10/07/2009;Интерфакс;7710037914
TFPB;Преображенская база тралового флота;25/06/2009;;-;-;0,35;-;2008;10/07/2009;Интерфакс;2518000814
ANGS;Ангстрем;30/06/2009;22/06/2009;-;-;не выплач.;-;2008;10/07/2009;Интерфакс;7735010706
TMGS;Томскгазстрой;29/06/2009;;;;не выплач.;не выплач.;2008;10/07/2009;Интерфакс;7022000600
TVET;Тверской экскаватор;29/06/2009;13/05/2009;-;-;не выплач.;не выплач.;2008;13/07/2009;Интерфакс;6903037669
UFMK;Уфимский мясоконсервный комбинат;30/06/2009;;-;-;не выплач.;-;2008;15/07/2009;Интерфакс;273010086
PFPM;Птицефабрика Пермская;30/06/2009;;-;-;не выплач.;-;2008;15/07/2009;Интерфакс;5948008585
TMBR;Тюменский бройлер;30/06/2009;05/06/2009;-;-;не выплач.;-;2008;15/07/2009;Интерфакс;7224005872
AFMC;Агрофирма Мцерская;30/06/2009;05/06/2009;-;-;3,75;-;2008;17/07/2009;Интерфакс;5717060059
MLBL;Молочный комбинат Благовещенский;06/03/2009;;-;-;8;-;2008;03/08/2009;Интерфакс;2801018878
BMSM;Бамстроймеханизация;30/06/2009;15/05/2009;не выплач.;-;не выплач.;-;2008;04/08/2009;Интерфакс;2808001344
SGOK;Стойленский горно-обогатительный комбинат;05/08/2009;;-;-;321,1;-;1-е полугодие 2009;06/08/2009;Интерфакс;3128011788
YMNP;НК Роснефть-Ямалнефтепродукт;22/05/2009;06/04/2009;не выплач.;0,96 ;-;-;2008;17/08/2009;Интерфакс;8901001325
RZOG;Рязаньоблгаз;26/08/2009;;-;-;4.5;-;2008;25/08/2009;Интерфакс;6230006061
PLZL;Полюс Золото;14/09/2009;07/08/2009;6.55;-;6.55;-;1 полуг. 2009;30/07/2009;Интерфакс;7703389295
SBRA;Себряковский комбинат асбестоцементных изделий;15/09/2009;18/08/2009;54945;-;54945;-;1 полуг. 2009;18/08/2009;Интерфакс;3437000078
ARSE;Машиностроительный завод Арсенал;26/06/2009;21/05/2009;не выплач.;-;не выплач.;-;2008;27/04/2009;ДКК;7804040302
BIOS;Биосинтез;05/06/2009;23/04/2009;не выплач.;не выплач.;не выплач.;не выплач.;2008;25/09/2009;Интерфакс;1325030352
BUSB;Бурятэнергосбыт;15/06/2009;27/04/2009;не выплач.;-;не выплач.;-;2008;25/09/2009;Интерфакс;323125110
CHERP;Чепецкий механический завод;25/06/2009;15/06/2009;-;-;18,295;45;2008;26/06/2009;Интерфакс;1829008035
CHSB;Читинская энергосбытовая компания;23/06/2009;05/05/2009;-;-;не выплач.;0,0003206862 ;2008;26/06/2009;Интерфакс;7536066430
TNGG;Тюменнефтегеофизика;17/06/2009;27/05/2009;не выплач.;не выплач.;не выплач.;не выплач.;2008;30/06/2009;Интерфакс;7203001852
VFLT;"Судоходная компания ""Волжское пароходство""";03/06/2009;22/04/2009;-;-;9,92 ;31,31 ;2008;04/06/2009;Интерфакс;5260902190
VJGZ;Варьеганнефтегаз;09/06/2009;29/04/2009;-;-;не выплач.;не выплач.;2008;29/04/2009;Интерфакс;8609000160
YZDA;Ярославский завод дизельной аппаратуры;18/06/2009;04/05/2009;не выплач.;-;не выплач.;-;2008;29/04/2009;Интерфакс;7601000833
YAR7;Ярэнерго-Холдинг;30/06/2009;19/05/2009;не выплач.;не выплач.;не выплач.;не выплач.;2008;29/04/2009;Интерфакс;7606051849
MRKY;МРСК Юга ;19/06/2009;08/05/2009;не выплач.;-;не выплач.;-;2008;22/06/2009;Интерфакс;6164266561
FLKO;Финансовая Лизинговая Компания;22/07/2009;18/06/2009;-;-;-;-;2008;24/06/2009;ДКК;7736165131
FENZ;Фирма Энергозащита;05/05/2009;15/04/2009;-;-;не выплач.;-;2008;16/04/2009;Интерфакс;7709046921
NARP;Находкинский морской рыбный порт;25/06/2009;12/05/2009;-;-;не выплач.;не выплач.;2008;12/05/2009;Интерфакс;2508012923
TUAP;Туапсинский морской торговый порт;16/07/2009;29/04/2009;0,02 ;-;0,02 ;-;2008;15/05/2009;Интерфакс;2322001997
FSCO;Федеральная фондовая корпорация;26/06/2009;19/05/2009;-;-;-;-;2008;26/05/2009;Другое;7706024711
TGHK;ТГК-11 Холдинг;07/08/2009;26/05/2009;-;-;-;-;2008;08/07/2009;ДКК;7729604902
KRVA;Красный Восток Агро;27/08/2009;07/07/2009;-;-;-;-;1 полуг. 2009;09/07/2009;ДКК;1659052612;;;
ORNB;Оренбургнефть;29/09/2009;24/08/2009;962.25;962.25;962.25;962.25;1-е полугодие 2009;24/08/2009;Интерфакс;5612002469;;;
MSSB;Мосэнергосбыт;30/09/2009;26/08/2009;0.028319226;-;0.028319226;-;1-е полугодие 2009;26/08/2009;Интерфакс;7736520080;;;
KLNA;Концерн КАЛИНА;07/10/2009;18/08/2009;5,50;-;5,50;-;1-е полугодие 2009;31/08/2009;Интерфакс;6608000083;;;
APAT;Апатит ;08/10/2009;24/08/2009;не выплач.;390;не выплач.;390;2008;24/08/2009;Интерфакс;5103070023;;;
NVTK;НОВАТЭК;15/10/2009;09/09/2009;1;-;1;-;1-е полугодие 2009;05/09/2009;Интерфакс;6316031581;;;
ZAPR;Запорожское;01/11/2009;08/10/2009;-;-;-;-;2008;22/10/2009;ДКК;2352028594;;;
LJAZ;Лужский абразивный завод;09/11/2009;06/10/2009;5000;-;5000;-;1-е полугодие 2009;20/10/2009;ДКК;4710003532;;;
MIST;Мосинжстрой;17/11/2009;05/10/2009;-;1,05;не выплач.;1,05;2008;15/10/2009;ДКК;7703014137;;
CHKB;Чувашкабель;26/11/2009;05/11/2009;-;-;-;-;2008, 2007;06/11/2009;ДКК;2127009135;;
VOOS;Волжский оргсинтез;05/12/2009;31/10/2009;-;-;764;-;9 месяцев 2009;03/11/2009;Интерфакс;3435900563;;
TNBP;ТНК-ВР Холдинг;10/12/2009;30/10/2009;7,41;7,41;7,41;7,41;9 месяцев 2009;06/11/2009;ДКК;7225004092;;
NNSB;Нижегородская сбытовая компания;17/12/2009;06/10/2009;113,58;113,58;-;-;1-е полугодие 2009;02/11/2009;ДКК;5260148520;;
VIMP;Вымпел-Коммуникации;17/12/2009;12/11/2009;190,13;-;190,13;0,075 ;9 месяцев 2009;02/11/2009;Интерфакс;7713076301;;
UDMN;Удмуртнефть;18/12/2009;09/11/2009;2807,36 ;2807,36 ;2807,36;2807,36;9 месяцев 2009;10/11/2009;Интерфакс;1831034040;;
KAZT;КуйбышевАзот;19/12/2009;30/10/2009;0,4;0,4;0,4;0,4;1-е полугодие 2009;02/11/2009;Интерфакс;6320005915;;
RBCI;РБК Информационные Системы;18/12/2009;18/11/2009;не выплач.;-;-;-;2008;18/11/2009;Интерфакс;7736206959
NBAM;Находкинская база активного морского рыболовства;18/12/2009;30/10/2009;355;136,78;-;-;9 месяцев 2009;19/11/2009;ДКК;2508007948
VLHZ;Владимирский химический завод;18/12/2009;10/11/2009;-;-;-;-;9 месяцев 2009;01/12/2009;ДКК;3302000669
OMSB;Омская энергосбытовая компания;21/12/2009;13/11/2009;35.2837;35.2837;-;-;9 месяцев 2009;17/11/2009;ДКК;5503091518
BUSB;Бурятэнергосбыт;21/12/2009;13/11/2009;0.5018428;-;-;-;9 месяцев 2009;30/11/2009;ДКК;323125110
KABE;Каббалкэнерго;29/12/2009;23/11/2009;-;-;-;-;2008;24/11/2009;Интерфакс;711008455
RTVL;Роствертол;29/12/2009;23/11/2009; 0,03 ;-; 0,03 ;-;9 месяцев 2009;25/11/2009;Интерфакс;6161021690
